id;q2;qualifyId
0;1:25.187;1
1;1:25.315;2
2;1:25.452;3
3;1:25.691;4
4;1:25.518;5
5;1:26.101;6
6;1:26.059;7
7;1:26.063;8
8;1:26.164;9
9;1:25.842;10
10;1:26.173;11
11;1:26.188;12
12;1:26.259;13
13;1:26.413;14
22;1:34.412;23
23;1:34.188;24
24;1:34.759;25
25;1:34.627;26
26;1:34.960;27
27;1:34.811;28
28;1:34.648;29
29;1:34.967;30
30;1:35.140;31
31;1:35.000;32
32;1:35.208;33
33;1:35.408;34
34;1:35.562;35
35;1:35.622;36
36;1:35.648;37
37;1:35.670;38
44;1:31.745;45
45;1:31.188;46
46;1:31.922;47
47;1:31.933;48
48;1:31.718;49
49;1:31.909;50
50;1:32.159;51
51;1:32.185;52
52;1:32.362;53
53;1:32.345;54
54;1:32.371;55
55;1:32.508;56
56;1:32.528;57
57;1:32.790;58
58;1:32.915;59
59;1:32.943;60
66;1:20.784;67
67;1:20.804;68
68;1:20.584;69
69;1:20.597;70
70;1:20.825;71
71;1:20.817;72
72;1:20.984;73
73;1:20.907;74
74;1:20.815;75
75;1:20.894;76
76;1:21.049;77
77;1:21.117;78
78;1:21.211;79
79;1:21.230;80
80;1:21.349;81
81;1:21.724;82
88;1:26.192;89
89;1:26.290;90
90;1:26.477;91
91;1:26.050;92
92;1:26.129;93
93;1:26.466;94
94;1:26.522;95
95;1:26.822;96
96;1:27.607;97
97;1:26.520;98
98;1:27.012;99
99;1:27.219;100
100;1:27.298;101
101;1:27.412;102
102;1:27.806;103
108;1:15.110;109
109;1:15.404;110
110;1:15.322;111
111;1:15.389;112
112;1:15.483;113
113;1:15.287;114
114;1:15.827;115
115;1:15.598;116
116;1:15.745;117
117;1:15.839;118
118;1:15.907;119
119;1:16.101;120
120;1:16.455;121
121;1:16.479;122
122;1:16.537;123
128;1:17.034;129
129;1:17.679;130
130;1:17.364;131
131;1:17.488;132
132;1:17.891;133
133;1:17.353;134
134;1:17.684;135
135;1:17.781;136
136;1:18.020;137
137;1:17.523;138
138;1:18.031;139
139;1:18.062;140
140;1:18.238;141
141;1:18.327;142
142;1:18.393;143
148;1:15.161;149
149;1:15.041;150
150;1:15.293;151
151;1:15.483;152
152;1:15.362;153
153;1:15.639;154
154;1:15.723;155
155;1:15.488;156
156;1:15.654;157
157;1:15.558;158
158;1:15.770;159
159;1:15.786;160
160;1:15.816;161
161;1:16.045;162
162;1:16.235;163
168;1:19.597;169
169;1:19.710;170
170;1:19.971;171
171;1:19.537;172
172;1:19.802;173
173;1:19.992;174
174;1:20.115;175
175;1:20.109;176
176;1:20.086;177
177;1:19.788;178
178;1:20.174;179
179;1:20.274;180
180;1:20.531;181
181;1:20.601;182
182;1:21.112;183
188;1:14.603;189
189;1:14.747;190
190;1:14.855;191
191;1:15.122;192
192;1:14.943;193
193;1:14.949;194
194;1:15.109;195
195;1:15.481;196
196;1:15.420;197
197;1:15.338;198
198;1:15.508;199
199;1:15.581;200
200;1:15.633;201
201;1:15.701;202
202;1:15.858;203
208;1:19.473;209
209;1:19.480;210
210;1:19.068;211
211;1:19.776;212
212;1:19.246;213
213;1:19.546;214
214;1:19.816;215
215;1:20.046;216
216;1:19.486;217
217;1:20.131;218
218;1:20.144;219
219;1:20.332;220
220;1:20.502;221
221;1:20.963;222
228;1:37.859;229
229;1:37.954;230
230;1:38.050;231
231;1:38.229;232
232;1:38.120;233
233;1:37.842;234
234;1:37.928;235
235;1:37.859;236
236;1:38.336;237
237;1:38.417;238
238;1:38.428;239
239;1:38.435;240
240;1:38.499;241
241;1:38.515;242
242;1:38.744;243
248;1:46.088;249
249;1:46.391;250
250;1:46.037;251
251;1:46.298;252
252;1:46.311;253
253;1:46.491;254
254;1:46.814;255
255;1:46.494;256
256;1:46.544;257
257;1:46.804;258
258;1:46.949;259
259;1:46.965;260
260;1:46.995;261
261;1:47.018;262
262;1:47.429;263
268;1:35.837;269
269;1:35.843;270
270;1:36.306;271
271;1:36.175;272
272;1:35.898;273
273;1:36.676;274
274;1:36.008;275
275;1:36.518;276
276;1:36.525;277
277;1:36.626;278
278;1:36.697;279
279;1:36.698;280
280;1:37.284;281
281;1:37.522;282
282;1:39.265;283
288;1:44.014;289
289;1:44.932;290
290;1:44.232;291
291;1:44.519;292
292;1:44.207;293
293;1:44.520;294
294;1:44.261;295
295;1:44.441;296
296;1:44.429;297
297;1:44.826;298
298;1:45.038;299
299;1:45.133;300
300;1:45.212;301
301;1:45.298;302
308;1:17.462;309
309;1:17.733;310
310;1:17.360;311
311;1:17.871;312
312;1:17.287;313
313;1:17.931;314
314;1:17.541;315
315;1:17.670;316
316;1:17.714;317
317;1:18.102;318
318;1:18.187;319
319;1:18.274;320
320;1:18.354;321
321;1:18.594;322
322;1:18.672;323
328;1:34.947;329
329;1:35.355;330
330;1:35.135;331
331;1:35.461;332
332;1:35.216;333
333;1:35.686;334
334;1:35.403;335
335;1:35.386;336
336;1:35.715;337
337;1:35.478;338
338;1:35.722;339
339;1:35.814;340
340;1:35.937;341
341;1:36.079;342
342;1:36.210;343
348;1:11.875;349
349;1:12.107;350
350;1:11.950;351
351;1:11.856;352
352;1:11.768;353
353;1:12.090;354
354;1:11.845;355
355;1:12.026;356
356;1:12.075;357
357;1:11.909;358
358;1:12.137;359
359;1:12.289;360
360;1:12.300;361
361;1:12.717;362
362;1:13.139;363
368;1:25.644;369
369;1:25.326;370
370;1:25.358;371
371;1:25.577;372
372;1:25.882;373
373;1:25.944;374
374;1:26.623;375
375;1:26.688;376
376;1:26.739;377
377;1:26.758;378
378;1:26.909;379
379;1:26.914;380
380;1:26.964;381
381;1:27.264;382
382;1:27.393;383
390;1:34.454;391
391;1:34.057;392
392;1:34.687;393
393;1:34.650;394
394;1:35.203;395
395;1:35.380;396
396;1:34.739;397
397;1:35.255;398
398;1:35.595;399
399;1:35.579;400
400;1:35.630;401
401;1:35.706;402
402;1:35.766;403
403;1:35.945;404
404;1:36.088;405
405;1:36.145;406
412;1:31.359;413
413;1:31.752;414
414;1:31.812;415
415;1:32.214;416
416;1:32.154;417
417;1:32.292;418
418;1:32.889;419
419;1:32.808;420
420;1:32.429;421
421;1:32.815;422
422;1:32.915;423
423;1:32.935;424
424;1:33.082;425
425;1:33.294;426
426;1:33.624;427
427;1:33.731;428
434;1:20.597;435
435;1:20.797;436
436;1:20.741;437
437;1:20.713;438
438;1:21.381;439
439;1:21.554;440
440;1:21.113;441
441;1:21.623;442
442;1:21.488;443
443;1:21.677;444
444;1:21.968;445
445;1:22.097;446
446;1:22.115;447
447;1:22.120;448
456;1:15.431;457
457;1:15.479;458
458;1:16.034;459
459;1:16.054;460
460;1:16.100;461
461;1:16.420;462
462;1:15.733;463
463;1:15.576;464
464;1:16.454;465
465;1:16.457;466
466;1:16.662;467
467;1:16.703;468
468;1:16.319;469
469;1:16.988;470
470;1:17.125;471
478;1:15.486;479
479;1:15.522;480
480;1:15.960;481
481;1:16.592;482
482;1:16.138;483
483;1:16.257;484
484;1:16.190;485
485;1:16.368;486
486;1:16.288;487
487;1:16.600;488
488;1:16.743;489
489;1:16.760;490
490;1:17.116;491
491;1:17.304;492
492;1:17.541;493
493;1:17.571;494
500;1:12.065;501
501;1:11.926;502
502;1:12.180;503
503;1:12.111;504
504;1:12.188;505
505;1:12.599;506
506;1:12.644;507
507;1:12.828;508
508;1:12.788;509
509;1:12.603;510
510;1:12.873;511
511;1:12.920;512
512;1:12.998;513
513;1:13.060;514
514;1:13.201;515
515;1:13.259;516
522;1:14.822;523
523;1:14.795;524
524;1:14.828;525
525;1:15.066;526
526;1:15.227;527
527;1:15.272;528
528;1:15.149;529
529;1:15.379;530
530;1:15.331;531
531;1:15.084;532
532;1:15.534;533
533;1:15.584;534
534;1:15.761;535
535;1:15.806;536
536;1:16.049;537
544;1:19.400;545
545;1:19.252;546
546;1:19.152;547
547;1:19.421;548
548;1:20.054;549
549;1:19.860;550
550;1:20.077;551
551;1:20.042;552
552;1:20.178;553
553;1:20.133;554
554;1:20.235;555
555;1:20.329;556
556;1:20.350;557
557;1:20.364;558
558;1:20.515;559
559;1:20.823;560
566;1:31.237;567
567;1:30.983;568
568;1:30.912;569
569;1:31.652;570
570;1:31.444;571
571;1:31.661;572
572;1:31.783;573
573;1:31.859;574
574;1:31.843;575
575;1:31.185;576
576;1:31.978;577
577;1:31.996;578
578;1:32.010;579
579;1:32.221;580
580;1:32.451;581
581;1:32.838;582
588;1:19.661;589
589;1:19.301;590
590;1:20.322;591
591;1:20.107;592
592;1:20.188;593
593;1:20.455;594
594;1:20.703;595
595;1:20.590;596
596;1:19.951;597
597;1:20.439;598
598;1:20.718;599
599;1:20.779;600
600;1:20.865;601
601;1:21.021;602
602;1:21.127;603
603;1:21.993;604
610;1:27.039;611
611;1:26.936;612
612;1:26.902;613
613;1:26.841;614
614;1:27.253;615
615;1:27.253;616
616;1:27.039;617
617;1:27.750;618
618;1:27.801;619
619;1:27.880;620
620;1:28.002;621
621;1:28.013;622
622;1:28.100;623
623;1:28.390;624
630;1:28.220;631
631;1:28.188;632
632;1:21.356;633
633;1:21.746;634
634;1:21.993;635
635;1:22.466;636
636;1:22.369;637
637;1:22.400;638
638;1:23.134;639
639;1:22.748;640
640;1:23.107;641
641;1:23.021;642
642;1:23.166;643
643;1:23.176;644
644;1:23.209;645
645;1:23.274;646
646;1:23.325;647
647;1:23.351;648
654;1:45.070;655
655;1:45.173;656
656;1:45.442;657
657;1:45.132;658
658;1:46.469;659
659;1:45.994;660
660;1:46.426;661
661;1:46.480;662
662;1:46.240;663
663;1:46.618;664
664;1:46.800;665
665;1:46.955;666
666;1:47.115;667
667;1:45.885;668
668;1:47.394;669
675;1:46.603;676
676;1:24.753;677
677;1:24.806;678
678;1:24.988;679
679;1:25.049;680
680;1:25.248;681
681;1:25.454;682
682;1:25.535;683
683;1:25.909;684
684;1:25.530;685
685;1:26.033;686
686;1:26.232;687
687;1:26.247;688
688;1:26.253;689
689;1:26.948;690
691;1:25.816;692
698;1:35.898;699
699;1:35.381;700
700;1:35.796;701
701;1:35.845;702
702;1:36.252;703
703;1:36.709;704
704;1:36.602;705
705;1:36.217;706
706;1:36.116;707
707;1:36.771;708
708;1:36.862;709
709;1:36.959;710
710;1:36.991;711
711;1:37.247;712
712;1:37.483;713
714;1:36.891;715
720;1:12.374;721
721;1:12.296;722
722;1:12.161;723
723;1:12.637;724
724;1:12.683;725
725;1:12.888;726
726;1:12.641;727
727;1:12.832;728
728;1:12.846;729
729;1:12.752;730
730;1:12.932;731
731;1:12.968;732
732;1:13.058;733
733;1:13.251;734
734;1:13.315;735
735;1:13.469;736
742;1:32.025;743
743;1:32.014;744
744;1:32.025;745
745;1:31.215;746
746;1:31.487;747
747;1:32.322;748
748;1:32.309;749
749;1:32.106;750
750;1:31.831;751
751;1:31.958;752
752;1:32.456;753
753;1:32.620;754
754;1:32.850;755
755;1:33.066;756
756;1:33.416;757
757;1:34.606;758
764;1:33.623;765
765;1:33.527;766
766;1:34.563;767
767;1:34.574;768
768;1:34.279;769
769;1:34.568;770
770;1:34.351;771
771;1:33.997;772
772;1:34.537;773
773;1:34.586;774
774;1:34.614;775
775;1:34.683;776
776;1:34.702;777
777;1:34.752;778
778;1:34.783;779
786;1:26.337;787
787;1:26.196;788
788;1:25.729;789
789;1:26.161;790
790;1:25.902;791
791;1:26.596;792
792;1:26.075;793
793;1:26.014;794
794;1:26.714;795
795;1:26.327;796
796;1:26.718;797
797;1:27.023;798
798;1:27.219;799
799;1:27.591;800
800;1:29.422;801
808;1:22.579;809
809;1:23.749;810
810;1:23.760;811
811;1:23.595;812
812;1:23.743;813
813;1:23.565;814
814;1:23.760;815
815;1:23.190;816
816;1:23.727;817
817;1:23.718;818
818;1:23.771;819
819;1:23.887;820
820;1:23.966;821
821;1:24.101;822
822;1:24.129;823
823;1:24.520;824
830;1:30.336;831
831;1:30.013;832
832;1:30.732;833
833;1:30.469;834
834;1:30.203;835
835;1:30.755;836
836;1:30.733;837
837;1:30.865;838
838;1:30.671;839
839;1:30.892;840
840;1:30.944;841
841;1:31.194;842
842;1:31.197;843
843;1:31.227;844
844;1:31.422;845
845;1:31.728;846
852;1:15.124;853
853;1:14.766;854
854;1:14.637;855
855;1:15.245;856
856;1:15.258;857
857;1:15.164;858
858;1:15.068;859
859;1:15.150;860
860;1:15.422;861
861;1:15.468;862
862;1:15.502;863
863;1:15.801;864
864;1:15.804;865
865;1:15.847;866
866;1:15.928;867
867;1:16.661;868
874;1:13.622;875
875;1:13.728;876
876;1:13.532;877
877;1:14.295;878
878;1:14.312;879
879;1:14.211;880
880;1:13.687;881
881;1:13.909;882
882;1:13.647;883
883;1:14.398;884
884;1:14.747;885
885;1:14.969;886
886;1:14.982;887
887;1:15.052;888
888;1:15.137;889
896;1:20.271;897
897;1:20.497;898
898;1:20.659;899
899;1:20.846;900
900;1:20.594;901
901;1:20.929;902
902;1:21.043;903
903;1:20.816;904
904;1:20.629;905
905;1:20.672;906
906;1:21.442;907
907;1:21.567;908
908;1:21.699;909
909;1:21.990;910
910;1:22.076;911
911;1:22.207;912
918;1:14.726;919
919;1:15.295;920
920;1:15.273;921
921;1:15.506;922
922;1:15.139;923
923;1:15.269;924
924;1:15.253;925
925;1:15.814;926
926;1:15.601;927
927;1:15.555;928
928;1:15.832;929
929;1:15.833;930
930;1:15.885;931
931;1:15.888;932
932;1:16.116;933
933;1:16.301;934
940;1:10.636;941
941;1:11.146;942
942;1:11.200;943
943;1:11.263;944
944;1:11.877;945
945;1:11.724;946
946;1:11.865;947
947;1:11.673;948
948;1:12.135;949
949;1:11.718;950
950;1:12.150;951
951;1:12.292;952
952;1:12.792;953
953;1:12.854;954
954;1:12.864;955
955;1:12.925;956
962;1:15.111;963
963;1:15.679;964
964;1:15.706;965
965;1:15.776;966
966;1:15.625;967
967;1:15.742;968
968;1:15.901;969
969;1:15.902;970
970;1:15.926;971
971;1:15.974;972
972;1:16.129;973
973;1:16.294;974
974;1:16.433;975
975;1:17.027;976
976;1:17.063;977
977;1:17.105;978
984;1:14.410;985
985;1:13.778;986
986;1:14.094;987
987;1:14.378;988
988;1:14.540;989
989;1:14.652;990
990;1:14.746;991
991;1:14.743;992
992;1:15.021;993
993;1:14.826;994
994;1:15.094;995
995;1:15.141;996
996;1:15.150;997
997;1:15.329;998
998;1:15.380;999
999;1:15.397;1000
1006;1:19.704;1007
1007;1:19.504;1008
1008;1:19.783;1009
1009;1:19.943;1010
1010;1:19.991;1011
1011;1:20.047;1012
1012;1:20.243;1013
1013;1:20.154;1014
1014;1:20.231;1015
1015;1:20.256;1016
1016;1:20.623;1017
1017;1:20.875;1018
1018;1:20.890;1019
1019;1:21.207;1020
1020;1:21.364;1021
1021;1:23.767;1022
1028;1:27.059;1029
1029;1:25.850;1030
1030;1:26.917;1031
1031;1:27.346;1032
1032;1:27.062;1033
1033;1:27.251;1034
1034;1:26.872;1035
1035;1:27.202;1036
1036;1:27.405;1037
1037;1:27.608;1038
1038;1:27.852;1039
1039;1:27.897;1040
1040;1:27.973;1041
1041;1:28.257;1042
1042;1:28.386;1043
1043;1:28.639;1044
1050;1:21.349;1051
1051;1:21.353;1052
1052;1:21.425;1053
1053;1:21.225;1054
1054;1:21.572;1055
1055;1:21.270;1056
1056;1:21.878;1057
1057;1:21.688;1058
1058;1:21.722;1059
1059;1:21.526;1060
1060;1:21.924;1061
1061;1:22.203;1062
1062;1:22.280;1063
1063;1:22.589;1064
1064;1:23.165;1065
1072;1:43.951;1073
1073;1:44.336;1074
1074;1:45.228;1075
1075;1:44.662;1076
1076;1:45.622;1077
1077;1:45.660;1078
1078;1:45.095;1079
1079;1:45.055;1080
1080;1:45.576;1081
1081;1:45.747;1082
1082;1:45.851;1083
1083;1:45.968;1084
1084;1:46.172;1085
1085;1:46.413;1086
1086;1:47.419;1087
1091;1:45.970;1092
1094;1:29.830;1095
1095;1:28.954;1096
1096;1:30.299;1097
1097;1:30.204;1098
1098;1:30.357;1099
1099;1:30.306;1100
1100;1:30.268;1101
1101;1:30.598;1102
1102;1:30.470;1103
1103;1:30.321;1104
1104;1:30.827;1105
1105;1:31.094;1106
1106;1:31.254;1107
1107;1:31.276;1108
1108;1:31.943;1109
1109;1:33.750;1110
1116;1:10.775;1117
1117;1:11.386;1118
1118;1:11.343;1119
1119;1:11.148;1120
1120;1:11.578;1121
1121;1:11.461;1122
1122;1:11.550;1123
1123;1:11.648;1124
1124;1:11.589;1125
1125;1:10.313;1126
1126;1:11.650;1127
1127;1:11.658;1128
1128;1:11.679;1129
1129;1:11.742;1130
1130;1:12.591;1131
1131;1:12.861;1132
2984;1:24.855;2986
2985;1:24.783;2987
2986;1:25.121;2988
2987;1:25.152;2989
2988;1:25.123;2990
2989;1:25.281;2991
2990;1:25.319;2992
2991;1:25.265;2993
2992;1:25.380;2994
2993;1:25.241;2995
2994;1:25.504;2996
2995;1:25.605;2997
2996;1:25.607;2998
2997;1:25.726;2999
3004;1:33.784;3006
3005;1:33.990;3007
3006;1:34.276;3008
3007;1:34.387;3009
3008;1:34.258;3010
3009;1:34.547;3011
3010;1:34.222;3012
3011;1:34.562;3013
3012;1:34.456;3014
3013;1:34.706;3015
3014;1:34.769;3016
3015;1:34.788;3017
3016;1:34.905;3018
3017;1:34.924;3019
3018;1:35.431;3020
3024;1:35.130;3026
3025;1:35.803;3027
3026;1:35.173;3028
3027;1:35.503;3029
3028;1:35.556;3030
3029;1:35.645;3031
3030;1:35.809;3032
3031;1:35.856;3033
3032;1:35.740;3034
3033;1:35.965;3035
3034;1:35.975;3036
3035;1:36.032;3037
3036;1:36.033;3038
3037;1:36.066;3039
3038;1:36.193;3040
3044;1:32.671;3046
3045;1:32.613;3047
3046;1:32.474;3048
3047;1:32.842;3049
3048;1:32.877;3050
3049;1:32.842;3051
3050;1:32.860;3052
3051;1:33.014;3053
3052;1:33.166;3054
3053;1:32.827;3055
3054;1:33.242;3056
3055;1:33.348;3057
3056;1:33.487;3058
3057;1:33.562;3059
3058;1:33.941;3060
3064;1:20.192;3066
3065;1:20.220;3067
3066;1:19.954;3068
3067;1:20.149;3069
3068;1:20.007;3070
3069;1:20.107;3071
3070;1:20.420;3072
3071;1:20.509;3073
3072;1:20.256;3074
3073;1:20.408;3075
3074;1:20.531;3076
3075;1:20.604;3077
3076;1:20.676;3078
3077;1:20.805;3079
3078;1:21.067;3080
3084;1:15.016;3086
3085;1:14.514;3087
3086;1:14.829;3088
3087;1:14.879;3089
3088;1:15.001;3090
3089;1:14.846;3091
3090;1:14.809;3092
3091;1:14.825;3093
3092;1:15.200;3094
3093;1:15.579;3095
3094;1:15.833;3096
3095;1:15.837;3097
3096;1:16.146;3098
3097;1:16.281;3099
3098;1:16.545;3100
3104;1:27.016;3106
3105;1:27.230;3107
3106;1:27.418;3108
3107;1:27.416;3109
3108;1:27.195;3110
3109;1:27.387;3111
3110;1:27.349;3112
3111;1:27.473;3113
3112;1:27.418;3114
3113;1:27.455;3115
3114;1:27.521;3116
3115;1:27.629;3117
3116;1:27.795;3118
3117;1:28.207;3119
3118;1:28.391;3120
3124;1:18.119;3126
3125;1:18.335;3127
3126;1:18.209;3128
3127;1:18.240;3129
3128;1:18.575;3130
3129;1:18.663;3131
3130;1:18.591;3132
3131;1:18.791;3133
3132;1:18.566;3134
3133;1:18.761;3135
3134;1:18.927;3136
3135;1:19.308;3137
3136;1:19.353;3138
3137;1:19.392;3139
3138;1:19.448;3140
3144;1:38.038;3146
3145;1:34.455;3147
3146;1:39.032;3148
3147;1:39.504;3149
3148;1:39.149;3150
3149;1:40.826;3151
3150;1:36.740;3152
3151;1:41.708;3153
3152;1:41.730;3154
3153;1:35.737;3155
3154;1:42.310;3156
3155;1:42.318;3157
3156;1:42.500;3158
3157;1:42.771;3159
3158;1:42.859;3160
3164;1:20.826;3166
3165;1:20.604;3167
3166;1:20.358;3168
3167;1:20.465;3169
3168;1:20.862;3170
3169;1:20.807;3171
3170;1:20.647;3172
3171;1:20.707;3173
3172;1:20.570;3174
3173;1:20.823;3175
3174;1:21.002;3176
3175;1:21.082;3177
3176;1:21.222;3178
3177;1:21.242;3179
3178;1:21.389;3180
3184;1:38.182;3186
3185;1:38.230;3187
3186;1:38.076;3188
3187;1:38.273;3189
3188;1:38.601;3190
3189;1:38.782;3191
3190;1:38.346;3192
3191;1:38.717;3193
3192;1:38.625;3194
3193;1:38.747;3195
3194;1:38.826;3196
3195;1:38.846;3197
3196;1:38.991;3198
3197;1:39.040;3199
3198;1:39.514;3200
3204;1:44.667;3206
3205;1:44.503;3207
3206;1:44.709;3208
3207;1:44.834;3209
3208;1:44.557;3210
3209;1:44.953;3211
3210;1:44.877;3212
3211;1:44.592;3213
3212;1:44.924;3214
3213;1:45.047;3215
3214;1:45.119;3216
3215;1:45.122;3217
3216;1:45.136;3218
3217;1:45.251;3219
3218;1:45.259;3220
3224;1:22.973;3226
3225;1:23.070;3227
3226;1:23.426;3228
3227;1:23.528;3229
3228;1:22.976;3230
3229;1:22.955;3231
3230;1:23.207;3232
3231;1:23.497;3233
3232;1:23.545;3234
3233;1:23.273;3235
3234;1:23.611;3236
3235;1:23.728;3237
3236;1:23.866;3238
3237;1:23.901;3239
3238;1:24.275;3240
3244;1:46.657;3246
3245;1:46.362;3247
3246;1:46.197;3248
3247;1:46.328;3249
3248;1:46.787;3250
3249;1:46.767;3251
3250;1:46.707;3252
3251;1:46.832;3253
3252;1:46.813;3254
3253;1:46.842;3255
3254;1:47.013;3256
3255;1:47.141;3257
3256;1:47.177;3258
3257;1:47.369;3259
3258;1:47.413;3260
3264;1:30.341;3266
3265;1:30.737;3267
3266;1:30.627;3268
3267;1:31.222;3269
3268;1:31.055;3270
3269;1:31.260;3271
3270;1:30.880;3272
3271;1:31.052;3273
3272;1:31.223;3274
3273;1:31.103;3275
3274;1:31.482;3276
3275;1:31.638;3277
3276;1:32.341;3278
3284;1:21.659;3286
3285;1:20.803;3287
3286;1:20.753;3288
3287;1:20.635;3289
3288;1:21.378;3290
3289;1:20.701;3291
3290;1:20.368;3292
3291;1:21.147;3293
3292;1:20.427;3294
3293;1:21.657;3295
3294;1:21.960;3296
3295;1:22.231;3297
3296;1:22.477;3298
3297;1:22.504;3299
3304;1:39.695;3306
3305;1:39.984;3307
3306;1:40.272;3308
3307;1:40.421;3309
3308;1:40.148;3310
3309;1:40.373;3311
3310;1:40.545;3312
3311;1:40.635;3313
3312;1:40.661;3314
3313;1:40.430;3315
3314;1:40.726;3316
3315;1:40.777;3317
3316;1:40.983;3318
3317;1:41.148;3319
3318;1:41.689;3320
3324;1:53.883;3326
3325;1:54.331;3327
3326;1:54.172;3328
3327;1:54.707;3329
3328;1:54.682;3330
3329;1:54.318;3331
3330;1:55.105;3332
3331;1:55.168;3333
3332;1:54.963;3334
3333;1:54.996;3335
3334;1:55.330;3336
3335;1:55.623;3337
3336;1:55.857;3338
3337;1:56.237;3339
3338;1:56.265;3340
3339;1:56.270;3341
3340;1:56.619;3342
3348;1:24.096;3350
3349;1:24.276;3351
3350;1:24.335;3352
3351;1:24.531;3353
3352;1:25.010;3354
3353;1:24.788;3355
3354;1:24.871;3356
3355;1:25.085;3357
3356;1:25.122;3358
3357;1:25.046;3359
3358;1:25.184;3360
3359;1:25.638;3361
3360;1:25.743;3362
3361;1:25.747;3363
3362;1:25.748;3364
3363;1:25.777;3365
3364;1:26.089;3366
3372;1:48.210;3374
3373;1:47.417;3375
3374;1:46.828;3376
3375;1:47.085;3377
3376;1:47.346;3378
3377;1:46.951;3379
3378;1:48.371;3380
3379;1:48.400;3381
3380;1:47.792;3382
3381;1:48.238;3383
3382;1:48.760;3384
3383;1:48.771;3385
3384;1:49.207;3386
3385;1:49.464;3387
3386;1:52.270;3388
3387;1:52.520;3389
3396;1:35.280;3398
3397;1:35.100;3399
3398;1:35.235;3400
3399;1:35.134;3401
3400;1:35.443;3402
3401;1:34.928;3403
3402;1:35.290;3404
3403;1:35.550;3405
3404;1:35.715;3406
3405;1:35.665;3407
3406;1:35.748;3408
3407;1:36.047;3409
3408;1:36.149;3410
3409;1:36.311;3411
3410;1:36.422;3412
3411;1:36.647;3413
3412;1:37.020;3414
3420;1:20.655;3422
3421;1:20.772;3423
3422;1:21.415;3424
3423;1:21.549;3425
3424;1:21.168;3426
3425;1:21.557;3427
3426;1:21.599;3428
3427;1:21.867;3429
3428;1:21.841;3430
3429;1:21.725;3431
3430;1:21.985;3432
3431;1:22.026;3433
3432;1:22.131;3434
3433;1:22.139;3435
3434;1:22.191;3436
3435;1:22.207;3437
3436;1:22.854;3438
3444;1:14.462;3446
3445;1:14.549;3447
3446;1:14.568;3448
3447;1:14.405;3449
3448;1:14.527;3450
3449;1:14.375;3451
3450;1:14.691;3452
3451;1:15.150;3453
3452;1:15.083;3454
3453;1:15.061;3455
3454;1:15.317;3456
3455;1:15.318;3457
3456;1:15.413;3458
3457;1:15.576;3459
3458;1:15.692;3460
3459;1:15.992;3461
3460;1:16.176;3462
3468;1:26.818;3470
3469;1:27.013;3471
3470;1:26.729;3472
3471;1:27.277;3473
3472;1:27.438;3474
3473;1:27.141;3475
3474;1:27.426;3476
3475;1:27.200;3477
3476;1:27.387;3478
3477;1:27.434;3479
3478;1:27.525;3480
3479;1:27.612;3481
3480;1:27.879;3482
3481;1:28.273;3483
3482;1:28.392;3484
3483;1:28.540;3485
3484;1:28.841;3486
3492;1:15.528;3494
3493;1:15.692;3495
3494;1:15.556;3496
3495;1:15.597;3497
3496;1:15.742;3498
3497;1:16.171;3499
3498;1:16.314;3500
3499;1:15.682;3501
3500;1:16.295;3502
3501;1:16.001;3503
3502;1:16.434;3504
3503;1:16.438;3505
3504;1:16.492;3506
3505;1:16.844;3507
3506;1:16.928;3508
3507;1:17.029;3509
3508;1:17.384;3510
3516;1:38.015;3518
3517;1:38.041;3519
3518;1:38.158;3520
3519;1:38.179;3521
3520;1:38.046;3522
3521;1:38.062;3523
3522;1:38.399;3524
3523;1:38.523;3525
3524;1:38.326;3526
3525;1:38.552;3527
3526;1:38.586;3528
3527;1:38.627;3529
3528;1:38.851;3530
3529;1:38.884;3531
3530;1:39.234;3532
3531;1:39.264;3533
3532;1:39.458;3534
3540;1:30.480;3542
3541;1:30.114;3543
3542;1:30.700;3544
3543;1:31.118;3545
3544;1:31.085;3546
3545;1:31.344;3547
3546;1:31.010;3548
3547;1:31.126;3549
3548;1:31.327;3550
3549;1:31.022;3551
3550;1:31.399;3552
3551;1:31.421;3553
3552;1:31.635;3554
3553;1:31.699;3555
3554;1:31.708;3556
3555;1:31.796;3557
3556;1:32.012;3558
3564;1:14.249;3566
3565;1:14.081;3567
3566;1:14.478;3568
3567;1:14.340;3569
3568;1:14.716;3570
3569;1:14.488;3571
3570;1:14.835;3572
3571;1:14.698;3573
3572;1:15.018;3574
3573;1:14.943;3575
3574;1:15.026;3576
3575;1:15.084;3577
3576;1:15.307;3578
3577;1:15.467;3579
3578;1:15.550;3580
3579;1:15.588;3581
3580;1:15.974;3582
3588;1:19.573;3590
3589;1:19.531;3591
3590;1:20.237;3592
3591;1:20.857;3593
3592;1:20.877;3594
3593;1:20.811;3595
3594;1:20.797;3596
3595;1:20.867;3597
3596;1:21.273;3598
3597;1:21.275;3599
3598;1:21.292;3600
3599;1:21.331;3601
3600;1:21.517;3602
3601;1:21.630;3603
3602;1:21.897;3604
3603;1:21.927;3605
3604;1:21.998;3606
3612;1:47.253;3614
3613;1:46.211;3615
3614;1:47.320;3616
3615;1:47.245;3617
3616;1:46.790;3618
3617;1:47.322;3619
3618;1:47.797;3620
3619;1:47.292;3621
3620;1:47.821;3622
3621;1:47.544;3623
3622;1:47.874;3624
3623;1:47.885;3625
3624;1:48.267;3626
3625;1:48.680;3627
3626;1:49.209;3628
3627;1:50.980;3629
3628;1:52.049;3630
3636;1:22.297;3638
3637;1:22.354;3639
3638;1:22.610;3640
3639;1:22.706;3641
3640;1:22.394;3642
3641;1:22.701;3643
3642;1:23.055;3644
3643;1:22.989;3645
3644;1:22.880;3646
3645;1:23.142;3647
3646;1:23.199;3648
3647;1:23.388;3649
3648;1:23.659;3650
3649;1:23.681;3651
3650;1:23.819;3652
3651;1:23.919;3653
3652;1:24.044;3654
3660;1:45.809;3662
3661;1:45.561;3663
3662;1:46.042;3664
3663;1:46.490;3665
3664;1:45.908;3666
3665;1:47.019;3667
3666;1:46.783;3668
3667;1:46.949;3669
3668;1:47.160;3670
3669;1:47.559;3671
3670;1:47.666;3672
3671;1:47.674;3673
3672;1:48.165;3674
3673;1:48.502;3675
3674;1:48.557;3676
3675;1:48.899;3677
3676;1:48.961;3678
3684;1:31.184;3686
3685;1:31.241;3687
3686;1:31.523;3688
3687;1:32.042;3689
3688;1:31.819;3690
3689;1:31.763;3691
3690;1:31.886;3692
3691;1:31.874;3693
3692;1:31.926;3694
3693;1:32.073;3695
3694;1:32.187;3696
3695;1:32.321;3697
3696;1:32.422;3698
3697;1:32.427;3699
3698;1:32.659;3700
3699;1:33.071;3701
3700;1:33.154;3702
3708;1:36.074;3710
3709;1:36.039;3711
3710;1:36.287;3712
3711;1:36.197;3713
3712;1:36.791;3714
3713;1:36.169;3715
3714;1:37.064;3716
3715;1:37.179;3717
3716;1:37.077;3718
3717;1:37.511;3719
3718;1:37.620;3720
3719;1:37.643;3721
3720;1:37.715;3722
3721;1:37.783;3723
3722;1:37.799;3724
3723;1:37.853;3725
3724;1:38.594;3726
3732;1:19.144;3734
3733;1:18.691;3735
3734;1:18.516;3736
3735;1:18.921;3737
3736;1:19.010;3738
3737;1:18.925;3739
3738;1:18.877;3740
3739;1:18.923;3741
3740;1:19.200;3742
3741;1:19.153;3743
3742;1:19.288;3744
3743;1:19.385;3745
3744;1:19.486;3746
3745;1:19.581;3747
3746;1:19.847;3748
3747;1:19.899;3749
3748;1:20.357;3750
3756;1:39.874;3758
3757;1:40.119;3759
3758;1:40.311;3760
3759;1:40.014;3761
3760;1:40.074;3762
3761;1:40.323;3763
3762;1:40.476;3764
3763;1:40.452;3765
3764;1:40.060;3766
3765;1:40.658;3767
3766;1:40.780;3768
3767;1:40.783;3769
3768;1:40.914;3770
3769;1:41.113;3771
3770;1:41.418;3772
3771;1:41.642;3773
3772;1:41.738;3774
4419;1:28.289;4421
4420;1:29.159;4422
4421;1:28.279;4423
4422;1:29.862;4424
4423;1:28.892;4425
4424;1:29.991;4426
4425;1:29.413;4427
4426;1:30.616;4428
4427;1:29.320;4429
4428;1:30.561;4430
4429;1:31.341;4431
4430;1:32.735;4432
4431;1:29.758;4433
4432;1:33.483;4434
4433;1:31.222;4435
4434;1:37.499;4436
4439;1:35.090;4441
4440;1:35.253;4442
4441;1:35.683;4443
4442;1:35.700;4444
4443;1:35.901;4445
4444;1:36.644;4446
4445;1:35.865;4447
4446;1:35.891;4448
4447;1:36.216;4449
4448;1:36.453;4450
4449;1:36.757;4451
4450;1:37.340;4452
4451;1:37.561;4453
4452;1:37.733;4454
4453;1:37.024;4455
4454;1:38.108;4456
4455;1:39.850;4457
4456;1:40.106;4458
4457;1:41.918;4459
4458;1:42.569;4460
4459;1:32.054;4461
4460;1:32.120;4462
4461;1:32.667;4463
4462;1:32.827;4464
4463;1:32.670;4465
4464;1:32.319;4466
4465;1:32.723;4467
4466;1:32.648;4468
4467;1:32.930;4469
4468;1:33.320;4470
4469;1:33.391;4471
4470;1:34.269;4472
4471;1:34.450;4473
4472;1:34.633;4474
4473;1:35.867;4475
4474;1:35.665;4476
4475;1:36.004;4477
4476;1:36.953;4478
4477;1:36.417;4479
4478;1:36.413;4480
4479;1:22.994;4481
4480;1:23.552;4482
4481;1:23.641;4483
4482;1:24.069;4484
4483;1:24.026;4485
4484;1:23.807;4486
4485;1:24.057;4487
4486;1:24.337;4488
4487;1:24.389;4489
4488;1:24.351;4490
4489;1:24.422;4491
4490;1:25.260;4492
4491;1:25.002;4493
4492;1:26.984;4494
4493;1:26.438;4495
4494;1:26.351;4496
4495;1:28.976;4497
4496;1:29.152;4498
4497;1:30.564;4499
4499;1:16.602;4501
4500;1:16.626;4502
4501;1:16.880;4503
4502;1:17.047;4504
4503;1:17.200;4505
4504;1:17.229;4506
4505;1:17.570;4507
4506;1:18.153;4508
4507;1:18.373;4509
4508;1:18.361;4510
4509;1:19.014;4511
4510;1:19.686;4512
4511;1:20.711;4513
4512;1:20.903;4514
4513;1:21.578;4515
4514;1:22.453;4516
4517;1:16.681;4519
4518;1:16.281;4520
4519;1:17.072;4521
4520;1:17.317;4522
4521;1:17.401;4523
4522;1:17.755;4524
4523;1:18.538;4525
4524;1:18.550;4526
4525;1:19.015;4527
4526;1:18.841;4528
4527;1:18.902;4529
4528;1:20.335;4530
4529;1:22.236;4531
4530;1:22.977;4532
4531;1:23.670;4533
4533;1:23.948;4535
4535;1:24.090;4537
4536;1:24.595;4538
4537;1:24.658;4539
4538;1:24.957;4540
4539;1:25.242;4541
4540;1:25.582;4542
4541;1:25.606;4543
4542;1:25.611;4544
4543;1:25.405;4545
4544;1:25.882;4546
4545;1:25.971;4547
4546;1:26.103;4548
4547;1:26.108;4549
4548;1:26.739;4550
4549;1:26.768;4551
4550;1:31.407;4552
4557;1:35.934;4562
4560;1:35.852;4563
4561;1:36.080;4564
4562;1:35.569;4565
4563;1:36.320;4566
4564;1:36.811;4567
4565;1:36.557;4568
4566;1:36.642;4569
4567;1:36.388;4570
4568;1:36.691;4571
4569;1:37.035;4572
4570;1:37.160;4573
4571;1:37.347;4574
4572;1:37.370;4575
4573;1:37.496;4576
4574;1:37.528;4577
4575;1:37.593;4578
4583;1:34.776;4586
4584;1:34.662;4587
4585;1:34.486;4588
4586;1:35.850;4589
4587;1:35.165;4590
4588;1:35.437;4591
4589;1:35.563;4592
4590;1:35.858;4593
4591;1:35.500;4594
4592;1:35.149;4595
4593;1:35.874;4596
4594;1:36.053;4597
4595;1:36.236;4598
4596;1:36.457;4599
4597;1:36.465;4600
4598;1:36.611;4601
4599;1:36.956;4602
4607;1:25.610;4610
4608;1:26.075;4611
4609;1:25.801;4612
4610;1:26.066;4613
4611;1:26.152;4614
4612;1:26.485;4615
4613;1:26.654;4616
4614;1:26.121;4617
4615;1:26.740;4618
4616;1:26.395;4619
4617;1:26.764;4620
4618;1:27.027;4621
4619;1:27.145;4622
4620;1:27.236;4623
4621;1:27.244;4624
4622;1:27.255;4625
4623;1:27.572;4626
4630;1:21.773;4633
4631;1:21.540;4634
4632;1:22.148;4635
4633;1:22.813;4636
4634;1:22.050;4637
4635;1:22.948;4638
4636;1:22.569;4639
4637;1:23.026;4640
4638;1:22.854;4641
4639;1:22.671;4642
4640;1:23.231;4643
4641;1:23.367;4644
4642;1:23.694;4645
4643;1:23.702;4646
4644;1:25.403;4647
4645;1:26.126;4648
4646;1:26.571;4649
4653;1:14.277;4656
4654;1:14.545;4657
4655;1:14.742;4658
4656;1:14.569;4659
4657;1:14.981;4660
4658;1:14.648;4661
4659;1:14.275;4662
4660;1:14.741;4663
4661;1:15.545;4664
4662;1:15.482;4665
4663;1:15.815;4666
4664;1:15.826;4667
4665;1:15.973;4668
4666;1:16.118;4669
4667;1:16.121;4670
4668;1:16.214;4671
4669;1:16.300;4672
4677;1:13.486;4680
4678;1:13.672;4681
4679;1:13.431;4682
4680;1:13.654;4683
4681;1:13.926;4684
4682;1:13.950;4685
4683;1:13.955;4686
4684;1:14.242;4687
4685;1:14.467;4688
4686;1:14.354;4689
4687;1:14.752;4690
4688;1:15.043;4691
4689;1:15.285;4692
4690;1:15.287;4693
4691;1:15.334;4694
4692;1:15.361;4695
4693;1:15.587;4696
4701;1:37.305;4704
4702;1:38.058;4705
4703;1:37.727;4706
4704;1:37.930;4707
4705;1:38.566;4708
4706;1:37.749;4709
4707;1:38.373;4710
4708;1:38.365;4711
4709;1:38.781;4712
4710;1:39.034;4713
4711;1:39.068;4714
4712;1:39.422;4715
4713;1:39.489;4716
4714;1:39.525;4717
4715;1:39.645;4718
4716;1:39.657;4719
4717;1:39.711;4720
4725;1:31.673;4728
4726;1:32.379;4729
4727;1:31.727;4730
4728;1:31.640;4731
4729;1:32.273;4732
4730;1:32.569;4733
4731;1:32.588;4734
4732;1:32.399;4735
4733;1:32.295;4736
4734;1:32.505;4737
4735;1:32.617;4738
4736;1:32.624;4739
4737;1:32.656;4740
4738;1:32.734;4741
4739;1:33.119;4742
4740;1:33.805;4743
4741;1:34.821;4744
4749;1:31.311;4752
4750;1:30.998;4753
4751;1:31.017;4754
4752;1:31.150;4755
4753;1:31.582;4756
4754;1:31.343;4757
4755;1:31.532;4758
4756;1:31.809;4759
4757;1:31.985;4760
4758;1:32.180;4761
4759;1:32.215;4762
4760;1:32.560;4763
4761;1:32.635;4764
4762;1:33.043;4765
4763;1:33.176;4766
4764;1:33.546;4767
4765;1:33.698;4768
4773;1:21.095;4776
4774;1:21.105;4777
4775;1:20.578;4778
4776;1:21.099;4779
4777;1:20.262;4780
4778;1:20.890;4781
4779;1:21.243;4782
4780;1:22.000;4783
4781;1:21.852;4784
4782;1:22.157;4785
4783;1:22.256;4786
4784;1:22.284;4787
4785;1:22.435;4788
4786;1:22.470;4789
4787;1:22.684;4790
4788;1:22.979;4791
4797;2:03.317;4800
4798;2:02.823;4801
4799;2:03.302;4802
4800;2:04.507;4803
4801;2:03.723;4804
4802;2:04.561;4805
4803;2:04.452;4806
4804;2:02.768;4807
4805;2:04.625;4808
4806;2:03.466;4809
4807;2:04.692;4810
4808;2:04.757;4811
4809;2:05.150;4812
4810;2:07.349;4813
4811;2:07.777;4814
4812;2:08.106;4815
4813;2:08.354;4816
4820;1:44.931;4823
4821;1:45.651;4824
4822;1:45.472;4825
4823;1:46.829;4826
4824;1:45.779;4827
4825;1:45.955;4828
4826;1:46.405;4829
4827;1:46.043;4830
4828;1:47.093;4831
4829;1:47.486;4832
4830;1:47.616;4833
4831;1:48.082;4834
4832;1:48.270;4835
4833;1:48.634;4836
4834;1:48.662;4837
4835;1:49.862;4838
4844;1:31.424;4847
4845;1:31.434;4848
4846;1:31.139;4849
4847;1:31.909;4850
4848;1:31.612;4851
4849;1:31.576;4852
4850;1:32.380;4853
4851;1:32.116;4854
4852;1:32.297;4855
4853;1:32.245;4856
4854;1:32.463;4857
4855;1:32.746;4858
4856;1:33.079;4859
4857;1:33.224;4860
4858;1:33.227;4861
4859;1:33.427;4862
4868;1:36.526;4871
4869;1:37.285;4872
4870;1:37.302;4873
4871;1:37.292;4874
4872;1:37.313;4875
4873;1:37.352;4876
4874;1:37.892;4877
4875;1:38.186;4878
4876;1:38.254;4879
4877;1:38.219;4880
4878;1:38.315;4881
4879;1:38.354;4882
4880;1:38.508;4883
4881;1:38.775;4884
4882;1:38.791;4885
4883;1:39.189;4886
4884;1:39.443;4887
4892;1:24.657;4895
4893;1:25.019;4896
4894;1:25.282;4897
4895;1:25.158;4898
4896;1:25.299;4899
4897;1:25.522;4900
4898;1:25.555;4901
4899;1:26.140;4902
4900;1:26.161;4903
4901;1:26.319;4904
4902;1:26.319;4905
4903;1:26.337;4906
4904;1:26.503;4907
4905;1:26.537;4908
4906;1:26.651;4909
4907;1:27.247;4910
4908;1:27.562;4911
4916;1:38.516;4919
4917;1:38.434;4920
4918;1:39.097;4921
4919;1:38.821;4922
4920;1:39.058;4923
4921;1:39.623;4924
4922;1:39.420;4925
4923;1:40.554;4926
4924;1:40.205;4927
4925;1:40.414;4928
4926;1:40.874;4929
4927;1:40.919;4930
4928;1:41.009;4931
4929;1:41.079;4932
4930;1:41.162;4933
4931;1:41.240;4934
4932;1:41.760;4935
4939;1:12.446;4942
4940;1:12.658;4943
4941;1:12.820;4944
4942;1:12.811;4945
4943;1:12.870;4946
4944;1:12.569;4947
4945;1:13.291;4948
4946;1:13.261;4949
4947;1:13.300;4950
4948;1:13.571;4951
4949;1:13.584;4952
4950;1:13.801;4953
4951;1:13.804;4954
4952;1:13.919;4955
4953;1:14.053;4956
4954;1:14.129;4957
4955;1:14.182;4958
4963;1:25.626;4966
4964;1:25.663;4967
4965;1:25.845;4968
4966;1:25.571;4969
4967;1:26.597;4970
4968;1:25.982;4971
4969;1:25.469;4972
4970;1:26.206;4973
4971;1:26.314;4974
4972;1:26.319;4975
4973;1:26.429;4976
4974;1:26.494;4977
4975;1:26.590;4978
4976;1:26.663;4979
4977;1:27.086;4980
4978;1:27.497;4981
4987;1:37.106;4990
4988;1:36.928;4991
4989;1:37.017;4992
4990;1:37.375;4993
4991;1:36.715;4994
4992;1:37.419;4995
4993;1:37.338;4996
4994;1:36.996;4997
4995;1:37.379;4998
4996;1:37.477;4999
4997;1:37.589;5000
4998;1:37.731;5001
4999;1:37.841;5002
5000;1:37.877;5003
5001;1:37.883;5004
5002;1:37.890;5005
5003;1:38.069;5006
5011;1:35.725;5014
5012;1:35.902;5015
5013;1:35.794;5016
5014;1:35.853;5017
5015;1:35.921;5018
5016;1:35.942;5019
5017;1:35.700;5020
5018;1:35.831;5021
5019;1:35.982;5022
5020;1:35.903;5023
5021;1:36.031;5024
5022;1:36.255;5025
5023;1:36.283;5026
5024;1:36.289;5027
5025;1:36.317;5028
5026;1:36.745;5029
5027;1:36.956;5030
5035;1:33.527;5038
5036;1:33.209;5039
5037;1:33.311;5040
5038;1:33.416;5041
5039;1:33.219;5042
5040;1:33.556;5043
5041;1:33.246;5044
5042;1:33.660;5045
5043;1:33.403;5046
5044;1:33.510;5047
5045;1:33.789;5048
5046;1:33.806;5049
5047;1:33.807;5050
5048;1:33.912;5051
5049;1:34.017;5052
5050;1:36.132;5053
5059;1:22.465;5062
5060;1:22.105;5063
5061;1:22.862;5064
5062;1:22.667;5065
5063;1:22.856;5066
5064;1:22.773;5067
5065;1:22.882;5068
5066;1:22.884;5069
5067;1:22.904;5070
5068;1:22.897;5071
5069;1:22.944;5072
5070;1:22.977;5073
5071;1:23.125;5074
5072;1:23.177;5075
5073;1:23.265;5076
5074;1:23.442;5077
5075;1:23.444;5078
5083;1:15.062;5086
5084;1:15.035;5087
5085;1:15.022;5088
5086;1:15.166;5089
5087;1:15.219;5090
5088;1:15.128;5091
5089;1:14.911;5092
5090;1:15.322;5093
5091;1:15.026;5094
5092;1:15.234;5095
5093;1:15.421;5096
5094;1:15.508;5097
5095;1:15.536;5098
5096;1:15.709;5099
5097;1:15.718;5100
5098;1:15.878;5101
5099;1:16.885;5102
5106;1:14.187;5109
5107;1:14.371;5110
5108;1:14.314;5111
5109;1:14.479;5112
5110;1:14.568;5113
5111;1:14.641;5114
5112;1:14.627;5115
5113;1:14.639;5116
5114;1:14.480;5117
5115;1:14.680;5118
5116;1:14.688;5119
5117;1:14.734;5120
5118;1:14.748;5121
5119;1:15.078;5122
5120;1:15.156;5123
5121;1:15.170;5124
5122;1:15.231;5125
5130;1:38.530;5133
5131;1:38.616;5134
5132;1:38.570;5135
5133;1:38.489;5136
5134;1:38.531;5137
5135;1:38.504;5138
5136;1:38.703;5139
5137;1:38.689;5140
5138;1:38.563;5141
5139;1:38.519;5142
5140;1:38.707;5143
5141;1:38.770;5144
5142;1:38.780;5145
5143;1:39.207;5146
5144;1:39.358;5147
5145;1:40.295;5148
5146;1:40.358;5149
5153;1:56.921;5156
5154;1:55.898;5157
5155;1:55.799;5158
5156;1:56.931;5159
5157;1:56.388;5160
5158;1:56.469;5161
5159;1:56.802;5162
5160;1:54.897;5163
5161;1:55.556;5164
5162;1:56.388;5165
5163;1:57.009;5166
5164;1:57.071;5167
5165;1:57.108;5168
5166;1:57.132;5169
5167;1:57.426;5170
5168;1:57.719;5171
5169;1:57.895;5172
5177;1:38.521;5180
5178;1:38.309;5181
5179;1:39.382;5182
5180;1:38.010;5183
5181;1:39.467;5184
5182;1:38.731;5185
5183;1:38.659;5186
5184;1:37.365;5187
5185;1:39.703;5188
5186;1:39.729;5189
5187;1:39.789;5190
5188;1:39.933;5191
5189;1:39.985;5192
5190;1:40.212;5193
5191;1:40.574;5194
5192;1:40.752;5195
5193;1:41.551;5196
5201;1:21.060;5204
5202;1:21.657;5205
5203;1:21.407;5206
5204;1:21.618;5207
5205;1:21.583;5208
5206;1:21.598;5209
5207;1:21.534;5210
5208;1:21.504;5211
5209;1:21.697;5212
5210;1:21.653;5213
5211;1:21.715;5214
5212;1:21.813;5215
5213;1:21.895;5216
5214;1:21.895;5217
5215;1:22.300;5218
5216;1:22.380;5219
5217;1:22.723;5220
5225;1:47.654;5228
5226;1:48.569;5229
5227;1:48.780;5230
5228;1:48.414;5231
5229;1:47.980;5232
5230;1:48.598;5233
5231;1:48.546;5234
5232;1:48.563;5235
5233;1:48.714;5236
5234;1:48.729;5237
5235;1:48.792;5238
5236;1:48.855;5239
5237;1:49.081;5240
5238;1:49.147;5241
5239;1:49.354;5242
5240;1:49.543;5243
5241;1:50.088;5244
5249;1:24.394;5252
5250;1:24.255;5253
5251;1:24.505;5254
5252;1:24.345;5255
5253;1:24.675;5256
5254;1:24.687;5257
5255;1:24.515;5258
5256;1:24.742;5259
5257;1:24.683;5260
5258;1:24.242;5261
5259;1:24.809;5262
5260;1:24.820;5263
5261;1:24.901;5264
5262;1:25.042;5265
5263;1:25.312;5266
5264;1:25.408;5267
5265;1:25.441;5268
5272;1:46.665;5275
5273;1:47.602;5276
5274;1:46.791;5277
5275;1:47.661;5278
5276;1:47.567;5279
5277;1:47.667;5280
5278;1:47.513;5281
5279;1:47.529;5282
5280;1:47.823;5283
5281;1:47.943;5284
5282;1:47.975;5285
5283;1:48.261;5286
5284;1:48.344;5287
5285;1:48.505;5288
5286;1:48.774;5289
5287;1:48.849;5290
5296;1:31.501;5299
5297;1:31.950;5300
5298;1:31.772;5301
5299;1:31.886;5302
5300;1:31.988;5303
5301;1:32.169;5304
5302;1:31.833;5305
5303;1:31.826;5306
5304;1:32.121;5307
5305;1:32.272;5308
5306;1:32.293;5309
5307;1:32.327;5310
5308;1:32.469;5311
5309;1:32.512;5312
5310;1:32.625;5313
5311;1:32.954;5314
5312;1:33.368;5315
5320;1:38.220;5323
5321;1:37.767;5324
5322;1:38.000;5325
5323;1:37.987;5326
5324;1:38.227;5327
5325;1:38.253;5328
5326;1:38.275;5329
5327;1:38.428;5330
5328;1:38.417;5331
5329;1:38.436;5332
5330;1:38.441;5333
5331;1:38.460;5334
5332;1:38.594;5335
5333;1:38.643;5336
5334;1:38.725;5337
5335;1:39.084;5338
5336;1:39.340;5339
5343;1:25.435;5346
5344;1:25.610;5347
5345;1:25.816;5348
5346;1:25.467;5349
5347;1:25.834;5350
5348;1:26.111;5351
5349;1:26.101;5352
5350;1:26.076;5353
5351;1:25.983;5354
5352;1:25.976;5355
5353;1:26.136;5356
5354;1:26.241;5357
5355;1:26.331;5358
5356;1:26.574;5359
5357;1:26.777;5360
5358;1:26.989;5361
5359;1:27.219;5362
5367;1:40.901;5370
5368;1:41.277;5371
5369;1:41.511;5372
5370;1:41.907;5373
5371;1:41.532;5374
5372;1:41.873;5375
5373;1:41.514;5376
5374;1:41.698;5377
5375;1:41.846;5378
5376;1:41.620;5379
5377;1:42.019;5380
5378;1:42.084;5381
5379;1:42.218;5382
5380;1:42.289;5383
5381;1:42.330;5384
5382;1:42.606;5385
5383;1:42.765;5386
5391;1:35.796;5394
5392;1:36.795;5395
5393;1:36.298;5396
5394;1:36.906;5397
5395;1:37.404;5398
5396;1:37.102;5399
5397;1:36.549;5400
5398;1:37.066;5401
5399;1:37.123;5402
5400;1:37.011;5403
5401;1:37.604;5404
5402;1:37.616;5405
5403;1:37.665;5406
5404;1:37.879;5407
5405;1:38.206;5408
5406;1:38.437;5409
5407;1:38.501;5410
5415;1:13.398;5418
5416;1:13.515;5419
5417;1:13.667;5420
5418;1:13.209;5421
5419;1:14.048;5422
5420;1:13.698;5423
5421;1:13.704;5424
5422;1:13.856;5425
5423;1:13.698;5426
5424;1:13.848;5427
5425;1:14.121;5428
5426;1:14.219;5429
5427;1:14.234;5430
5428;1:14.334;5431
5429;1:14.380;5432
5430;1:14.574;5433
5431;1:14.619;5434
5439;1:36.745;5442
5440;1:36.524;5443
5441;1:36.625;5444
5442;1:36.666;5445
5443;1:36.691;5446
5444;1:36.194;5447
5445;1:37.517;5448
5446;1:37.641;5449
5447;1:36.901;5450
5448;1:36.644;5451
5449;1:38.067;5452
5450;1:38.134;5453
5451;1:38.778;5454
5452;1:39.042;5455
5453;1:39.900;5456
5454;1:40.290;5457
5461;1:37.245;5464
5462;1:36.874;5465
5463;1:36.877;5466
5464;1:36.517;5467
5465;1:36.449;5468
5466;1:36.190;5469
5467;1:36.640;5470
5468;1:37.117;5471
5469;1:36.834;5472
5470;1:37.342;5473
5471;1:37.636;5474
5472;1:38.125;5475
5473;1:38.822;5476
5474;1:39.221;5477
5475;1:44.509;5478
5483;1:35.078;5486
5484;1:35.659;5487
5485;1:35.148;5488
5486;1:35.537;5489
5487;1:35.403;5490
5488;1:36.065;5491
5489;1:36.258;5492
5490;1:35.784;5493
5491;1:35.343;5494
5492;1:36.261;5495
5493;1:36.287;5496
5494;1:36.314;5497
5495;1:36.405;5498
5496;1:36.679;5499
5497;1:37.139;5500
5498;1:37.199;5501
5505;1:32.867;5508
5506;1:32.746;5509
5507;1:33.316;5510
5508;1:33.346;5511
5509;1:33.098;5512
5510;1:33.358;5513
5511;1:33.335;5514
5512;1:33.378;5515
5513;1:33.146;5516
5514;1:33.702;5517
5515;1:33.762;5518
5516;1:33.914;5519
5517;1:33.974;5520
5518;1:33.976;5521
5519;1:34.105;5522
5520;1:34.284;5523
5527;1:21.776;5530
5528;1:21.001;5531
5529;1:21.602;5532
5530;1:21.676;5533
5531;1:21.646;5534
5532;1:21.978;5535
5533;1:21.998;5536
5534;1:21.718;5537
5535;1:21.790;5538
5536;1:22.019;5539
5537;1:22.127;5540
5538;1:22.166;5541
5539;1:22.346;5542
5540;1:22.355;5543
5541;1:22.389;5544
5542;1:22.793;5545
5549;1:16.135;5552
5550;1:16.265;5553
5551;1:15.988;5554
5552;1:17.322;5555
5553;1:16.040;5556
5554;1:16.510;5557
5555;1:17.748;5558
5556;1:17.261;5559
5557;1:17.420;5560
5558;1:17.623;5561
5559;1:18.331;5562
5560;1:18.344;5563
5561;1:18.603;5564
5562;1:19.077;5565
5563;1:19.408;5566
5564;1:21.688;5567
5571;1:28.166;5574
5572;1:27.649;5575
5573;1:28.419;5576
5574;1:28.420;5577
5575;1:28.145;5578
5576;1:28.788;5579
5577;1:28.527;5580
5578;1:28.799;5581
5579;1:28.667;5582
5580;1:29.359;5583
5581;1:29.435;5584
5582;1:29.761;5585
5583;1:29.917;5586
5584;1:30.068;5587
5585;1:30.315;5588
5586;1:30.354;5589
5593;1:31.224;5596
5594;1:31.028;5597
5595;1:30.990;5598
5596;1:31.002;5599
5597;1:31.291;5600
5598;1:31.182;5601
5599;1:31.097;5602
5600;1:31.530;5603
5601;1:31.592;5604
5602;1:31.387;5605
5603;1:31.649;5606
5604;1:31.779;5607
5605;1:31.785;5608
5606;1:32.082;5609
5607;1:32.211;5610
5608;1:32.359;5611
5615;1:30.152;5618
5616;1:29.992;5619
5617;1:30.217;5620
5618;1:29.852;5621
5619;1:30.005;5622
5620;1:30.223;5623
5621;1:29.825;5624
5622;1:29.962;5625
5623;1:30.269;5626
5624;1:30.231;5627
5625;1:30.326;5628
5626;1:30.697;5629
5627;1:30.933;5630
5628;1:31.010;5631
5629;1:31.010;5632
5630;1:31.104;5633
5637;1:19.862;5640
5638;1:19.992;5641
5639;1:20.101;5642
5640;1:19.778;5643
5641;1:20.183;5644
5642;1:20.243;5645
5643;1:20.460;5646
5644;1:20.527;5647
5645;1:20.545;5648
5646;1:20.503;5649
5647;1:20.569;5650
5648;1:20.580;5651
5649;1:20.777;5652
5650;1:21.029;5653
5651;1:21.133;5654
5652;1:21.219;5655
5659;1:49.067;5662
5660;1:48.646;5663
5661;1:48.641;5664
5662;1:48.552;5665
5663;1:48.925;5666
5664;1:48.641;5667
5665;1:48.649;5668
5666;1:48.296;5669
5667;1:48.309;5670
5668;1:49.020;5671
5669;1:49.088;5672
5670;1:49.103;5673
5671;1:49.304;5674
5672;1:52.036;5675
5673;1:52.563;5676
5674;1:52.762;5677
5681;1:23.977;5684
5682;1:24.263;5685
5683;1:24.305;5686
5684;1:24.479;5687
5685;1:24.227;5688
5686;1:24.393;5689
5687;1:24.290;5690
5688;1:24.592;5691
5689;1:24.563;5692
5690;1:24.575;5693
5691;1:24.610;5694
5692;1:24.803;5695
5693;1:24.848;5696
5694;1:24.932;5697
5695;1:25.011;5698
5696;1:25.077;5699
5703;1:42.905;5706
5704;1:43.892;5707
5705;1:43.957;5708
5706;1:43.272;5709
5707;1:43.920;5710
5708;1:44.376;5711
5709;1:44.153;5712
5710;1:44.497;5713
5711;1:44.407;5714
5712;1:44.245;5715
5713;1:44.555;5716
5714;1:44.588;5717
5715;1:44.658;5718
5716;1:44.752;5719
5717;1:45.185;5720
5718;1:45.388;5721
5725;1:37.569;5728
5726;1:37.824;5729
5727;1:37.840;5730
5728;1:38.076;5731
5729;1:38.031;5732
5730;1:37.978;5733
5731;1:38.295;5734
5732;1:37.913;5735
5733;1:38.327;5736
5734;1:38.181;5737
5735;1:38.362;5738
5736;1:38.365;5739
5737;1:38.417;5740
5738;1:38.431;5741
5739;1:38.718;5742
5740;1:38.781;5743
5747;1:31.513;5750
5748;1:31.290;5751
5749;1:31.636;5752
5750;1:31.565;5753
5751;1:31.668;5754
5752;1:31.764;5755
5753;1:31.848;5756
5754;1:31.828;5757
5755;1:31.662;5758
5756;1:31.838;5759
5757;1:31.989;5760
5758;1:31.992;5761
5759;1:32.013;5762
5760;1:32.063;5763
5761;1:32.093;5764
5762;1:32.485;5765
5769;1:24.568;5772
5770;1:25.304;5773
5771;1:25.259;5774
5772;1:25.097;5775
5773;1:25.389;5776
5774;1:25.191;5777
5775;1:25.339;5778
5776;1:24.885;5779
5777;1:25.365;5780
5778;1:25.458;5781
5779;1:25.519;5782
5780;1:25.711;5783
5781;1:25.740;5784
5782;1:25.798;5785
5783;1:26.134;5786
5784;1:26.366;5787
5791;1:40.575;5794
5792;1:40.781;5795
5793;1:40.473;5796
5794;1:40.477;5797
5795;1:40.971;5798
5796;1:40.931;5799
5797;1:40.948;5800
5798;1:40.989;5801
5799;1:40.812;5802
5800;1:40.852;5803
5801;1:41.093;5804
5802;1:41.133;5805
5803;1:41.200;5806
5804;1:41.279;5807
5805;1:41.395;5808
5806;1:41.447;5809
5813;1:37.065;5816
5814;1:37.312;5817
5815;1:37.523;5818
5816;1:37.828;5819
5817;1:37.854;5820
5818;1:37.368;5821
5819;1:38.040;5822
5820;1:38.078;5823
5821;1:37.439;5824
5822;1:38.031;5825
5823;1:38.131;5826
5824;1:38.139;5827
5825;1:38.217;5828
5826;1:38.364;5829
5827;1:38.592;5830
5828;1:38.696;5831
5835;1:26.420;5838
5836;1:26.626;5839
5837;1:26.590;5840
5838;1:26.963;5841
5839;1:26.698;5842
5840;1:26.161;5843
5841;1:27.078;5844
5842;1:27.363;5845
5843;1:27.049;5846
5844;1:27.441;5847
5845;1:27.456;5848
5846;1:27.798;5849
5847;1:27.954;5850
5848;1:28.269;5851
5849;1:28.308;5852
5850;1:28.586;5853
5857;1:42.890;5860
5858;1:42.295;5861
5859;1:42.264;5862
5860;1:43.247;5863
5861;1:42.805;5864
5862;1:43.849;5865
5863;1:43.658;5866
5864;1:44.331;5867
5865;1:44.242;5868
5866;1:43.852;5869
5867;1:44.437;5870
5868;1:44.494;5871
5869;1:44.688;5872
5870;1:45.655;5873
5871;1:45.867;5874
5872;1:47.293;5875
5879;1:59.041;5882
5880;1:59.399;5883
5881;1:59.445;5884
5882;2:01.356;5885
5883;2:00.147;5886
5884;2:01.532;5887
5885;2:00.839;5888
5886;2:02.094;5889
5887;2:02.096;5890
5888;2:01.810;5891
5889;2:02.351;5892
5890;2:02.369;5893
5891;2:02.460;5894
5892;2:02.511;5895
5893;2:02.756;5896
5894;2:02.885;5897
5901;1:33.708;5904
5902;1:33.872;5905
5903;1:34.592;5906
5904;1:34.842;5907
5905;1:34.747;5908
5906;1:34.925;5909
5907;1:34.714;5910
5908;1:34.842;5911
5909;1:34.904;5912
5910;1:34.723;5913
5911;1:34.985;5914
5912;1:35.116;5915
5913;1:35.145;5916
5914;1:35.286;5917
5915;1:35.891;5918
5916;1:35.908;5919
5923;1:22.914;5926
5924;1:23.172;5927
5925;1:23.031;5928
5926;1:23.342;5929
5927;1:23.387;5930
5928;1:23.681;5931
5929;1:23.741;5932
5930;1:23.671;5933
5931;1:23.335;5934
5932;1:24.157;5935
5933;1:24.163;5936
5934;1:24.209;5937
5935;1:24.648;5938
5936;1:24.726;5939
5937;1:24.845;5940
5938;1:24.932;5941
5939;1:25.065;5942
5947;1:54.029;5950
5948;1:55.302;5951
5949;1:54.499;5952
5950;1:55.294;5953
5951;1:55.765;5954
5952;1:56.757;5955
5953;1:56.253;5956
5954;1:56.847;5957
5955;1:56.584;5958
5956;1:56.407;5959
5957;1:56.860;5960
5958;1:56.963;5961
5959;1:57.289;5962
5960;1:57.393;5963
5961;1:57.675;5964
5962;1:58.264;5965
5969;1:26.210;5972
5970;1:26.088;5973
5971;1:26.613;5974
5972;1:27.563;5975
5973;1:27.258;5976
5974;1:27.335;5977
5975;1:27.602;5978
5976;1:27.570;5979
5977;1:27.016;5980
5978;1:27.052;5981
5979;1:27.685;5982
5980;1:28.002;5983
5981;1:28.039;5984
5982;1:28.280;5985
5991;1:16.465;5994
5992;1:16.354;5995
5993;1:17.233;5996
5994;1:17.074;5997
5995;1:17.200;5998
5996;1:17.398;5999
5997;1:17.657;6000
5998;1:17.609;6001
5999;1:17.594;6002
6000;1:17.755;6003
6001;1:17.846;6004
6002;1:17.988;6005
6003;1:18.082;6006
6004;1:18.196;6007
6005;1:18.356;6008
6013;1:15.289;6016
6014;1:15.054;6017
6015;1:16.109;6018
6016;1:15.806;6019
6017;1:15.773;6020
6018;1:15.897;6021
6019;1:16.131;6022
6020;1:16.255;6023
6021;1:16.214;6024
6022;1:16.245;6025
6023;1:16.300;6026
6024;1:16.310;6027
6025;1:16.472;6028
6026;1:16.687;6029
6027;1:16.713;6030
6028;1:17.314;6031
6035;1:09.239;6038
6036;1:09.096;6039
6037;1:08.974;6040
6038;1:09.479;6041
6039;1:09.638;6042
6040;1:09.473;6043
6041;1:09.490;6044
6042;1:09.657;6045
6043;1:09.092;6046
6044;1:09.624;6047
6045;1:09.754;6048
6046;1:09.780;6049
6047;1:09.801;6050
6048;1:09.939;6051
6049;1:10.073;6052
6050;1:10.642;6053
6057;1:35.179;6060
6058;1:36.410;6061
6059;1:36.579;6062
6060;1:37.112;6063
6061;1:37.370;6064
6062;1:34.870;6065
6063;1:37.350;6066
6064;1:38.166;6067
6065;1:36.813;6068
6066;1:37.800;6069
6067;1:38.496;6070
6068;1:38.709;6071
6069;1:39.800;6072
6070;1:40.912;6073
6071;1:44.018;6074
6079;1:17.109;6082
6080;1:17.353;6083
6081;1:17.370;6084
6082;1:17.788;6085
6083;1:17.855;6086
6084;1:17.646;6087
6085;1:17.866;6088
6086;1:18.103;6089
6087;1:18.017;6090
6088;1:18.161;6091
6089;1:18.193;6092
6090;1:18.273;6093
6091;1:18.285;6094
6092;1:18.787;6095
6093;1:18.983;6096
6101;1:23.310;6104
6102;1:23.606;6105
6103;1:23.776;6106
6104;1:23.676;6107
6105;1:24.249;6108
6106;1:24.030;6109
6107;1:24.502;6110
6108;1:24.637;6111
6109;1:24.647;6112
6110;1:24.585;6113
6111;1:24.706;6114
6112;1:25.136;6115
6113;1:25.211;6116
6114;1:25.260;6117
6115;1:25.337;6118
6116;1:27.419;6119
6123;2:06.723;6126
6124;2:06.609;6127
6125;2:08.868;6128
6126;2:08.450;6129
6127;2:08.989;6130
6128;2:08.451;6131
6129;2:08.901;6132
6130;2:08.646;6133
6131;2:08.833;6134
6132;2:09.272;6135
6133;2:09.377;6136
6134;2:09.805;6137
6135;2:10.084;6138
6136;2:10.238;6139
6137;2:11.087;6140
6138;2:12.470;6141
6145;1:24.560;6148
6146;1:24.600;6149
6147;1:24.858;6150
6148;1:25.046;6151
6149;1:25.973;6152
6150;1:25.630;6153
6151;1:25.525;6154
6152;1:25.769;6155
6153;1:25.946;6156
6154;1:25.863;6157
6155;1:26.070;6158
6156;1:26.110;6159
6157;1:26.157;6160
6158;1:26.279;6161
6159;1:26.588;6162
6160;1:26.692;6163
6167;1:46.287;6170
6168;1:45.825;6171
6169;1:46.493;6172
6170;1:46.586;6173
6171;1:46.328;6174
6172;1:46.472;6175
6173;1:46.359;6176
6174;1:46.622;6177
6175;1:46.700;6178
6176;1:46.926;6179
6177;1:46.943;6180
6178;1:46.989;6181
6179;1:47.308;6182
6180;1:47.333;6183
6181;1:47.575;6184
6182;1:47.812;6185
6189;1:32.950;6192
6190;1:32.982;6193
6191;1:33.443;6194
6192;1:33.551;6195
6193;1:33.675;6196
6194;1:34.466;6197
6195;1:34.229;6198
6196;1:34.648;6199
6197;1:34.784;6200
6198;1:34.771;6201
6199;1:34.984;6202
6200;1:35.089;6203
6201;1:35.092;6204
6202;1:35.099;6205
6203;1:35.364;6206
6204;1:35.681;6207
6211;1:38.338;6214
6212;1:38.606;6215
6213;1:38.971;6216
6214;1:39.381;6217
6215;1:39.296;6218
6216;1:39.022;6219
6217;1:39.666;6220
6218;1:39.786;6221
6219;1:39.838;6222
6220;1:39.929;6223
6221;1:40.052;6224
6222;1:40.058;6225
6223;1:40.163;6226
6224;1:40.536;6227
6225;1:40.984;6228
6226;1:41.397;6229
6232;1:36.290;6235
6233;1:37.287;6236
6234;1:37.499;6237
6235;1:37.347;6238
6236;1:37.873;6239
6237;1:38.010;6240
6238;1:38.024;6241
6239;1:38.047;6242
6240;1:38.263;6243
6241;1:38.378;6244
6242;1:38.467;6245
6243;1:38.554;6246
6244;1:38.598;6247
6245;1:38.699;6248
6250;1:10.303;6253
6251;1:10.712;6254
6252;1:10.343;6255
6253;1:10.421;6256
6254;1:11.127;6257
6255;1:11.129;6258
6256;1:11.211;6259
6257;1:11.215;6260
6258;1:11.208;6261
6259;1:11.188;6262
6260;1:11.591;6263
6261;1:11.976;6264
6262;1:12.099;6265
6270;1:43.074;6303
6271;1:42.384;6302
6272;1:42.239;6301
6273;1:42.207;6300
6274;1:42.198;6299
6275;1:41.940;6298
6276;1:42.168;6297
6277;1:41.875;6296
6278;1:42.082;6295
6279;1:41.144;6294
6280;1:41.376;6293
6281;1:40.920;6292
6282;1:41.459;6291
6286;1:26.894;6309
6287;1:27.097;6310
6288;1:27.895;6311
6289;1:27.742;6312
6290;1:27.807;6313
6291;1:27.796;6314
6292;1:28.679;6315
6293;1:28.601;6316
6294;1:28.589;6317
6295;1:28.726;6318
6296;1:28.800;6319
6297;1:28.868;6320
6298;1:29.070;6321
6299;1:29.208;6322
6300;1:29.209;6323
6304;1:41.517;6327
6305;1:39.632;6328
6306;1:39.377;6329
6307;1:41.085;6330
6308;1:41.665;6331
6309;1:41.430;6332
6310;1:41.230;6333
6311;1:41.209;6334
6312;1:40.650;6335
6313;1:41.748;6336
6314;1:42.173;6337
6315;1:42.198;6338
6316;1:43.023;6339
6317;1:43.469;6340
6318;1:43.701;6341
6323;1:36.423;6346
6324;1:36.747;6347
6325;1:36.957;6348
6326;1:37.357;6349
6327;1:37.763;6350
6328;1:37.109;6351
6329;1:37.939;6352
6330;1:38.063;6353
6331;1:38.017;6354
6332;1:38.127;6355
6333;1:38.134;6356
6334;1:38.209;6357
6335;1:38.393;6358
6336;1:38.538;6359
6337;1:39.290;6360
6343;1:32.669;6366
6344;1:33.623;6367
6345;1:33.878;6368
6346;1:33.540;6369
6347;1:33.897;6370
6348;1:33.551;6371
6349;1:34.403;6372
6350;1:34.613;6373
6351;1:34.641;6374
6352;1:34.123;6375
6353;1:34.704;6376
6354;1:34.737;6377
6355;1:35.034;6378
6356;1:35.039;6379
6357;1:35.103;6380
6362;1:25.166;6385
6363;1:25.740;6386
6364;1:26.167;6387
6365;1:26.197;6388
6366;1:26.475;6389
6367;1:26.441;6390
6368;1:26.016;6391
6369;1:26.889;6392
6370;1:26.147;6393
6371;1:26.692;6394
6372;1:27.375;6395
6373;1:27.450;6396
6374;1:27.760;6397
6375;1:27.854;6398
6376;1:28.005;6399
6382;1:15.864;6405
6383;1:15.471;6406
6384;1:16.181;6407
6385;1:16.706;6408
6386;1:16.453;6409
6387;1:16.440;6410
6388;1:16.999;6411
6389;1:16.762;6412
6390;1:16.775;6413
6391;1:16.546;6414
6392;1:17.007;6415
6393;1:17.093;6416
6394;1:17.193;6417
6395;1:17.278;6418
6396;1:26.632;6419
6402;1:14.661;6425
6403;1:14.673;6426
6404;1:15.348;6427
6405;1:15.506;6428
6406;1:15.187;6429
6407;1:15.622;6430
6408;1:15.706;6431
6409;1:15.891;6432
6410;1:16.006;6433
6411;1:15.974;6434
6412;1:16.042;6435
6413;1:16.245;6436
6414;1:16.262;6437
6415;1:16.276;6438
6416;1:16.620;6439
6421;1:09.062;6444
6422;1:08.634;6445
6423;1:09.392;6446
6424;1:09.719;6447
6425;1:09.604;6448
6426;1:09.598;6449
6427;1:09.631;6450
6428;1:10.187;6451
6429;1:09.652;6452
6430;1:09.920;6453
6431;1:10.374;6454
6432;1:10.426;6455
6433;1:10.465;6456
6434;1:10.482;6457
6435;1:10.736;6458
6441;1:33.068;6464
6442;1:32.737;6465
6443;1:33.707;6466
6444;1:33.020;6467
6445;1:33.911;6468
6446;1:33.641;6469
6447;1:33.520;6470
6448;1:34.071;6471
6449;1:33.693;6472
6450;1:33.749;6473
6451;1:34.268;6474
6452;1:34.430;6475
6453;1:34.502;6476
6454;1:34.511;6477
6455;1:34.868;6478
6461;1:22.285;6484
6462;1:22.775;6485
6463;1:23.168;6486
6464;1:23.230;6487
6465;1:23.460;6488
6466;1:23.555;6489
6467;1:23.597;6490
6468;1:23.598;6491
6469;1:23.781;6492
6470;1:23.805;6493
6471;1:23.826;6494
6472;1:23.869;6495
6473;1:24.461;6496
6474;1:24.609;6497
6481;1:48.024;6504
6482;1:47.955;6505
6483;1:49.044;6506
6484;1:48.981;6507
6485;1:48.792;6508
6486;1:49.042;6509
6487;1:48.806;6510
6488;1:48.956;6511
6489;1:48.761;6512
6490;1:49.065;6513
6491;1:49.121;6514
6492;1:49.228;6515
6493;1:49.586;6516
6501;1:23.383;6524
6502;1:23.757;6525
6503;1:23.577;6526
6504;1:23.864;6527
6505;1:23.983;6528
6506;1:24.313;6529
6507;1:24.379;6530
6508;1:24.448;6531
6509;1:24.510;6532
6510;1:24.457;6533
6511;1:24.525;6534
6512;1:24.898;6535
6513;1:25.618;6536
6514;1:25.796;6537
6521;1:44.743;6544
6522;1:45.291;6545
6523;1:45.140;6546
6524;1:44.979;6547
6525;1:45.650;6548
6526;1:45.653;6549
6527;1:45.887;6550
6528;1:45.635;6551
6529;1:45.701;6552
6530;1:45.805;6553
6531;1:46.305;6554
6532;1:46.328;6555
6533;1:46.385;6556
6534;1:46.894;6557
6535;1:47.019;6558
6541;1:32.632;6564
6542;1:32.789;6565
6543;1:33.416;6566
6544;1:33.844;6567
6545;1:33.377;6568
6546;1:33.361;6569
6547;1:34.153;6570
6548;1:34.278;6571
6549;1:34.174;6572
6550;1:34.201;6573
6551;1:34.390;6574
6552;1:34.453;6575
6553;1:34.497;6576
6554;1:34.785;6577
6561;1:37.500;6584
6562;1:37.672;6585
6563;1:38.194;6586
6564;1:38.402;6587
6565;1:38.224;6588
6566;1:38.727;6589
6567;1:38.914;6590
6568;1:38.754;6591
6569;1:39.119;6592
6570;1:39.005;6593
6571;1:39.214;6594
6572;1:39.323;6595
6573;1:39.763;6596
6574;1:39.811;6597
6575;1:39.895;6598
6580;1:56.824;6603
6581;1:56.929;6604
6582;1:57.969;6605
6583;1:58.434;6606
6584;1:58.596;6607
6585;1:59.210;6608
6586;1:59.333;6609
6587;1:59.703;6610
6588;1:59.999;6611
6589;2:00.199;6612
6590;2:00.265;6613
6591;2:00.334;6614
6592;2:00.595;6615
6593;2:01.193;6616
6594;2:01.604;6617
6600;1:20.053;6623
6601;1:19.829;6624
6602;1:20.045;6625
6603;1:20.490;6626
6604;1:20.783;6627
6605;1:20.458;6628
6606;1:20.642;6629
6607;1:20.894;6630
6608;1:20.669;6631
6609;1:20.935;6632
6610;1:20.942;6633
6611;1:21.038;6634
6612;1:21.261;6635
6613;1:21.544;6636
6614;1:22.494;6637
6620;1:12.213;6643
6621;1:11.665;6644
6622;1:11.928;6645
6623;1:12.374;6646
6624;1:12.243;6647
6625;1:12.485;6648
6626;1:12.527;6649
6627;1:12.858;6650
6628;1:12.825;6651
6629;1:12.712;6652
6630;1:12.989;6653
6631;1:13.045;6654
6632;1:13.147;6655
6633;1:13.233;6656
6634;1:13.913;6657
6640;1:40.979;6663
6641;1:40.758;6664
6642;1:41.612;6665
6643;1:41.560;6666
6644;1:41.830;6667
6645;1:41.868;6668
6646;1:41.925;6669
6647;1:42.349;6670
6648;1:42.328;6671
6649;1:42.482;6672
6650;1:42.521;6673
6651;1:42.668;6674
6652;1:42.807;6675
6653;1:43.614;6676
6660;1:24.605;6683
6661;1:24.796;6684
6662;1:25.257;6685
6663;1:25.615;6686
6664;1:25.615;6687
6665;1:25.644;6688
6666;1:25.384;6689
6667;1:25.599;6690
6668;1:25.753;6691
6669;1:25.865;6692
6670;1:25.961;6693
6671;1:26.125;6694
6672;1:26.304;6695
6673;1:27.601;6696
6674;1:27.742;6697
6682;1:30.039;6705
6683;1:30.535;6706
6684;1:30.409;6707
6685;1:30.559;6708
6686;1:31.122;6709
6687;1:30.931;6710
6688;1:31.374;6711
6689;1:31.604;6712
6690;1:31.756;6713
6691;1:31.772;6714
6692;1:31.816;6715
6693;1:31.934;6716
6694;1:31.945;6717
6695;1:31.998;6718
6696;1:32.241;6719
6704;1:36.240;6727
6705;1:36.815;6728
6706;1:36.118;6729
6707;1:36.183;6730
6708;1:36.831;6731
6709;1:36.948;6732
6710;1:37.149;6733
6711;1:37.204;6734
6712;1:37.265;6735
6713;1:37.333;6736
6714;1:37.347;6737
6715;1:38.826;6738
6716;1:39.093;6739
6717;1:39.830;6740
6718;1:40.742;6741
6719;1:42.430;6742
6726;1:35.337;6749
6727;1:36.623;6750
6728;1:37.140;6751
6729;1:36.741;6752
6730;1:37.230;6753
6731;1:37.569;6754
6732;1:37.282;6755
6733;1:37.606;6756
6734;1:37.510;6757
6735;1:35.820;6758
6736;1:37.652;6759
6737;1:37.701;6760
6738;1:37.771;6761
6739;1:37.807;6762
6740;1:38.055;6763
6741;1:38.115;6764
6748;1:22.159;6771
6749;1:22.759;6772
6750;1:23.585;6773
6751;1:23.178;6774
6752;1:23.504;6775
6753;1:23.688;6776
6754;1:24.023;6777
6755;1:24.077;6778
6756;1:24.003;6779
6757;1:24.192;6780
6758;1:24.203;6781
6759;1:24.348;6782
6760;1:24.445;6783
6761;1:24.480;6784
6762;1:24.625;6785
6763;1:24.778;6786
6770;1:14.357;6793
6771;1:14.043;6794
6772;1:14.056;6795
6773;1:14.318;6796
6774;1:14.989;6797
6775;1:14.789;6798
6776;1:14.805;6799
6777;1:14.937;6800
6778;1:14.794;6801
6779;1:15.107;6802
6780;1:15.273;6803
6781;1:15.293;6804
6782;1:15.352;6805
6783;1:15.385;6806
6784;1:15.571;6807
6785;1:16.058;6808
6792;1:13.076;6815
6793;1:13.094;6816
6794;1:13.857;6817
6795;1:13.540;6818
6796;1:13.793;6819
6797;1:13.849;6820
6798;1:13.791;6821
6799;1:13.864;6822
6800;1:14.166;6823
6801;1:14.260;6824
6802;1:14.317;6825
6803;1:14.437;6826
6804;1:14.457;6827
6805;1:14.571;6828
6806;1:14.803;6829
6807;1:21.956;6830
6813;1:42.520;6836
6814;1:43.939;6837
6815;1:44.141;6838
6816;1:44.461;6839
6817;1:44.533;6840
6818;1:44.696;6841
6819;1:44.687;6842
6820;1:44.477;6843
6821;1:44.387;6844
6822;1:43.526;6845
6823;1:44.755;6846
6824;1:44.824;6847
6825;1:45.000;6848
6826;1:45.270;6849
6827;1:45.349;6850
6828;1:46.048;6851
6835;1:06.228;6858
6836;1:06.403;6859
6837;1:07.257;6860
6838;1:06.602;6861
6839;1:07.572;6862
6840;1:06.940;6863
6841;1:06.840;6864
6842;1:06.911;6865
6843;1:06.866;6866
6844;1:07.145;6867
6845;1:07.578;6868
6846;1:07.700;6869
6847;1:07.850;6870
6848;1:08.154;6871
6857;1:29.243;6880
6858;1:29.970;6881
6859;1:30.697;6882
6860;1:31.319;6883
6861;1:31.385;6884
6862;1:30.711;6885
6863;1:31.478;6886
6864;1:31.708;6887
6865;1:31.770;6888
6866;1:31.740;6889
6867;1:31.875;6890
6868;1:32.002;6891
6869;1:32.050;6892
6870;1:32.241;6893
6871;1:32.306;6894
6872;1:37.060;6895
6878;1:22.806;6901
6879;1:24.836;6902
6880;1:23.234;6903
6881;1:22.660;6904
6882;1:24.082;6905
6883;1:24.734;6906
6884;1:23.816;6907
6885;1:24.456;6908
6886;1:23.901;6909
6887;1:24.506;6910
6888;1:24.941;6911
6889;1:25.301;6912
6890;1:25.416;6913
6891;1:25.435;6914
6892;1:26.189;6915
6893;1:27.063;6916
6900;1:14.839;6923
6901;1:14.748;6924
6902;1:15.545;6925
6903;1:15.124;6926
6904;1:15.242;6927
6905;1:15.630;6928
6906;1:15.623;6929
6907;1:15.490;6930
6908;1:15.500;6931
6909;1:15.699;6932
6910;1:15.883;6933
6911;1:15.909;6934
6912;1:15.989;6935
6913;1:16.041;6936
6914;1:16.086;6937
6915;1:16.665;6938
6922;1:46.999;6945
6923;1:47.163;6946
6924;1:47.664;6947
6925;1:47.944;6948
6926;1:48.027;6949
6927;1:47.485;6950
6928;1:47.317;6951
6929;1:47.918;6952
6930;1:48.051;6953
6931;1:47.667;6954
6932;1:48.316;6955
6933;1:48.485;6956
6934;1:48.598;6957
6935;1:48.888;6958
6936;1:49.038;6959
6937;1:49.320;6960
6943;1:21.498;6966
6944;1:21.809;6967
6945;1:22.275;6968
6946;1:22.568;6969
6947;1:22.499;6970
6948;1:22.638;6971
6949;1:22.857;6972
6950;1:22.922;6973
6951;1:22.951;6974
6952;1:22.856;6975
6953;1:22.967;6976
6954;1:23.092;6977
6955;1:23.273;6978
6956;1:23.315;6979
6957;1:23.399;6980
6958;1:23.496;6981
6964;1:43.020;6987
6965;1:43.933;6988
6966;1:43.471;6989
6967;1:44.112;6990
6968;1:44.159;6991
6969;1:44.493;6992
6970;1:44.475;6993
6971;1:44.737;6994
6972;1:44.653;6995
6973;1:44.703;6996
6974;1:44.740;6997
6975;1:44.991;6998
6976;1:45.144;6999
6977;1:45.593;7000
6978;1:45.723;7001
6979;1:47.827;7002
6986;1:33.046;7009
6987;1:33.609;7010
6988;1:33.775;7011
6989;1:33.888;7012
6990;1:33.972;7013
6991;1:33.903;7014
6992;1:34.538;7015
6993;1:34.441;7016
6994;1:34.431;7017
6995;1:34.422;7018
6996;1:34.577;7019
6997;1:35.001;7020
6998;1:35.097;7021
6999;1:35.277;7022
7000;1:35.369;7023
7001;1:35.374;7024
7008;1:30.714;7031
7009;1:31.129;7032
7010;1:31.406;7033
7011;1:31.227;7034
7012;1:31.489;7035
7013;1:31.719;7036
7014;1:32.237;7037
7015;1:32.176;7038
7016;1:32.200;7039
7017;1:32.155;7040
7018;1:32.315;7041
7019;1:32.380;7042
7020;1:32.623;7043
7021;1:32.685;7044
7022;1:32.689;7045
7023;1:32.807;7046
7030;1:36.450;7053
7031;1:36.351;7054
7032;1:36.255;7055
7033;1:36.857;7056
7034;1:36.584;7057
7035;1:36.462;7058
7036;1:36.626;7059
7037;1:37.202;7060
7038;1:37.214;7061
7039;1:37.175;7062
7040;1:37.353;7063
7041;1:37.417;7064
7042;1:37.480;7065
7043;1:37.773;7066
7044;1:37.935;7067
7045;1:39.356;7068
7052;1:19.137;7075
7053;1:19.761;7076
7054;1:18.972;7077
7055;1:19.553;7078
7056;1:19.769;7079
7057;1:19.936;7080
7058;1:19.385;7081
7059;1:19.958;7082
7060;1:20.151;7083
7061;1:20.169;7084
7062;1:20.282;7085
7063;1:20.287;7086
7064;1:20.673;7087
7065;1:21.131;7088
7066;1:21.536;7089
7067;1:21.785;7090
7073;1:11.238;7096
7074;1:11.373;7097
7075;1:12.301;7098
7076;1:11.834;7099
7077;1:12.010;7100
7078;1:12.047;7101
7079;1:12.343;7102
7080;1:12.360;7103
7081;1:12.331;7104
7082;1:12.312;7105
7083;1:12.420;7106
7084;1:12.431;7107
7085;1:12.521;7108
7086;1:12.726;7109
7087;1:12.920;7110
7088;1:13.258;7111
7095;1:39.382;7118
7096;1:39.490;7119
7097;1:40.429;7120
7098;1:39.629;7121
7099;1:40.034;7122
7100;1:39.903;7123
7101;1:40.709;7124
7102;1:40.743;7125
7103;1:41.044;7126
7104;1:40.858;7127
7105;1:41.084;7128
7106;1:41.272;7129
7107;1:41.480;7130
7108;1:41.564;7131
7109;1:41.820;7132
7110;1:41.995;7133
7117;1:23.251;7140
7118;1:23.401;7141
7119;1:23.215;7142
7120;1:23.376;7143
7121;1:24.092;7144
7122;1:24.718;7145
7123;1:24.597;7146
7124;1:24.997;7147
7125;1:24.864;7148
7126;1:23.989;7149
7127;1:25.081;7150
7128;1:25.091;7151
7129;1:25.425;7152
7130;1:25.568;7153
7131;1:26.465;7154
7137;1:32.406;7160
7138;1:32.391;7161
7139;1:32.552;7162
7140;1:32.181;7163
7141;1:33.546;7164
7142;1:33.759;7165
7143;1:33.636;7166
7144;1:33.920;7167
7145;1:34.034;7168
7146;1:34.090;7169
7147;1:34.150;7170
7148;1:34.164;7171
7149;1:34.372;7172
7150;1:35.046;7173
7157;1:29.555;7180
7158;1:29.535;7181
7159;1:29.596;7182
7160;1:30.497;7183
7161;1:29.843;7184
7162;1:30.307;7185
7163;1:30.169;7186
7164;1:30.677;7187
7165;1:30.857;7188
7166;1:30.899;7189
7167;1:30.923;7190
7168;1:31.168;7191
7169;1:31.414;7192
7170;1:31.684;7193
7177;1:34.038;7200
7178;1:33.663;7201
7179;1:33.264;7202
7180;1:33.760;7203
7181;1:35.483;7204
7182;1:35.049;7205
7183;1:35.221;7206
7184;1:35.328;7207
7185;1:35.513;7208
7186;1:35.729;7209
7187;1:35.948;7210
7188;1:35.964;7211
7189;1:35.968;7212
7190;1:36.017;7213
7191;1:36.660;7214
7197;1:20.210;7220
7198;1:20.295;7221
7199;1:20.300;7222
7200;1:20.621;7223
7201;1:20.722;7224
7202;1:20.855;7225
7203;1:21.251;7226
7204;1:21.239;7227
7205;1:21.222;7228
7206;1:21.148;7229
7207;1:21.329;7230
7208;1:21.371;7231
7209;1:21.397;7232
7210;1:21.517;7233
7211;1:21.803;7234
7217;1:12.231;7240
7218;1:12.449;7241
7219;1:12.901;7242
7220;1:12.697;7243
7221;1:13.011;7244
7222;1:13.397;7245
7223;1:13.430;7246
7224;1:13.203;7247
7225;1:13.453;7248
7226;1:13.249;7249
7227;1:13.516;7250
7228;1:13.628;7251
7229;1:13.959;7252
7230;1:14.106;7253
7231;1:20.529;7254
7237;1:12.496;7260
7238;1:12.749;7261
7239;1:12.563;7262
7240;1:12.580;7263
7241;1:12.751;7264
7242;1:12.810;7265
7243;1:13.012;7266
7244;1:13.262;7267
7245;1:13.320;7268
7246;1:13.406;7269
7247;1:13.690;7270
7248;1:13.693;7271
7249;1:13.756;7272
7250;1:13.839;7273
7251;1:14.293;7274
7257;1:41.275;7280
7258;1:41.502;7281
7259;1:42.090;7282
7260;1:41.911;7283
7261;1:41.961;7284
7262;1:42.467;7285
7263;1:42.751;7286
7264;1:42.284;7287
7265;1:42.735;7288
7266;1:42.215;7289
7267;1:43.186;7290
7268;1:43.347;7291
7269;1:43.796;7292
7270;1:44.267;7293
7271;1:44.603;7294
7277;1:04.316;7300
7278;1:04.772;7301
7279;1:04.800;7302
7280;1:05.004;7303
7281;1:05.161;7304
7282;1:04.948;7305
7283;1:05.319;7306
7284;1:05.435;7307
7285;1:05.550;7308
7286;1:05.544;7309
7287;1:05.597;7310
7288;1:05.602;7311
7289;1:05.741;7312
7290;1:05.884;7313
7297;1:27.893;7320
7298;1:28.992;7321
7299;1:28.978;7322
7300;1:28.732;7323
7301;1:29.431;7324
7302;1:29.340;7325
7303;1:29.824;7326
7304;1:29.701;7327
7305;1:30.105;7328
7306;1:29.966;7329
7307;1:30.193;7330
7308;1:30.355;7331
7309;1:30.600;7332
7310;1:31.368;7333
7311;1:31.482;7334
7317;1:16.802;7340
7318;1:17.207;7341
7319;1:17.362;7342
7320;1:16.693;7343
7321;1:17.028;7344
7322;1:17.698;7345
7323;1:17.655;7346
7324;1:17.919;7347
7325;1:18.000;7348
7326;1:18.311;7349
7327;1:18.415;7350
7328;1:18.495;7351
7329;1:18.538;7352
7330;1:18.639;7353
7331;1:18.771;7354
7337;1:42.927;7360
7338;1:43.987;7361
7339;1:43.249;7362
7340;1:43.700;7363
7341;1:43.940;7364
7342;1:44.224;7365
7343;1:44.988;7366
7344;1:44.894;7367
7345;1:45.006;7368
7346;1:44.685;7369
7347;1:45.090;7370
7348;1:45.133;7371
7349;1:45.400;7372
7350;1:45.439;7373
7357;1:34.660;7380
7358;1:36.113;7381
7359;1:37.313;7382
7360;1:37.002;7383
7361;1:37.580;7384
7362;1:35.396;7385
7363;1:37.031;7386
7364;1:36.223;7387
7365;1:37.456;7388
7366;1:37.471;7389
7367;1:37.582;7390
7368;1:38.059;7391
7369;1:38.202;7392
7370;1:38.245;7393
7371;1:38.526;7394
7377;1:40.529;7400
7378;1:40.332;7401
7379;1:40.385;7402
7380;1:40.525;7403
7381;1:40.577;7404
7382;1:41.409;7405
7383;1:41.277;7406
7384;1:41.442;7407
7385;1:41.227;7408
7386;1:41.826;7409
7387;1:42.107;7410
7388;1:42.246;7411
7389;1:42.338;7412
7390;1:42.760;7413
7391;1:43.883;7414
7397;1:30.977;7420
7398;1:30.926;7421
7399;1:30.931;7422
7400;1:31.061;7423
7402;1:31.651;7425
7403;1:31.848;7426
7404;1:31.778;7427
7405;1:31.484;7428
7406;1:32.010;7429
7407;1:32.034;7430
7408;1:32.100;7431
7409;1:32.307;7432
7410;1:32.402;7433
7411;1:32.558;7434
7416;1:30.803;7439
7417;1:27.819;7440
7418;1:28.543;7441
7419;1:28.225;7442
7420;1:28.935;7443
7421;1:28.747;7444
7422;1:29.079;7445
7423;1:29.199;7446
7424;1:29.343;7447
7425;1:29.687;7448
7426;1:29.749;7449
7427;1:29.778;7450
7428;1:29.879;7451
7429;1:29.972;7452
7430;1:30.022;7453
7431;1:30.413;7454
7437;1:33.437;7460
7438;1:34.103;7461
7439;1:33.769;7462
7440;1:34.495;7463
7441;1:33.840;7464
7442;1:34.716;7465
7443;1:35.113;7466
7444;1:34.899;7467
7445;1:35.046;7468
7446;1:34.789;7469
7447;1:35.155;7470
7448;1:35.529;7471
7449;1:35.641;7472
7450;1:35.870;7473
7457;1:16.870;7480
7458;1:16.524;7481
7459;1:17.035;7482
7460;1:17.161;7483
7461;1:17.534;7484
7462;1:17.827;7485
7463;1:17.631;7486
7464;1:17.792;7487
7465;1:17.753;7488
7466;1:17.868;7489
7467;1:18.099;7490
7468;1:19.159;7491
7476;1:08.638;7499
7477;1:08.494;7500
7478;1:09.116;7501
7479;1:09.050;7502
7480;1:09.533;7503
7481;1:09.760;7504
7482;1:09.593;7505
7483;1:09.726;7506
7484;1:09.768;7507
7485;1:09.612;7508
7486;1:09.830;7509
7487;1:09.879;7510
7488;1:10.116;7511
7489;1:10.154;7512
7495;1:36.822;7520
7497;1:36.742;7521
7498;1:37.023;7522
7499;1:37.583;7523
7500;1:37.302;7524
7501;1:37.777;7525
7502;1:38.138;7526
7503;1:38.359;7527
7504;1:38.392;7528
7505;1:38.565;7529
7506;1:38.636;7530
7507;1:38.725;7531
7508;1:38.808;7532
7509;1:39.298;7533
7510;1:39.646;7534
7516;1:22.051;7540
7517;1:22.507;7541
7518;1:21.944;7542
7519;1:22.416;7543
7520;1:22.897;7544
7521;1:23.300;7545
7522;1:23.468;7546
7523;1:23.544;7547
7524;1:23.061;7548
7525;1:22.089;7549
7526;1:23.692;7550
7527;1:23.853;7551
7528;1:24.005;7552
7529;1:24.230;7553
7530;1:24.786;7554
7536;1:28.341;7560
7537;1:28.515;7561
7538;1:28.794;7562
7539;1:28.458;7563
7540;1:28.962;7564
7541;1:29.836;7565
7542;1:29.623;7566
7543;1:29.187;7567
7544;1:30.009;7568
7545;1:29.802;7569
7546;1:30.105;7570
7547;1:30.156;7571
7548;1:30.212;7572
7549;1:30.525;7573
7556;1:32.385;7580
7557;1:32.286;7581
7558;1:32.063;7582
7559;1:31.914;7583
7560;1:32.809;7584
7561;1:32.688;7585
7562;1:32.494;7586
7563;1:32.931;7587
7564;1:32.970;7588
7565;1:32.524;7589
7566;1:32.986;7590
7567;1:33.057;7591
7568;1:33.232;7592
7569;1:33.505;7593
7570;1:33.795;7594
7576;1:43.015;7600
7577;1:42.676;7601
7578;1:42.679;7602
7579;1:43.482;7603
7580;1:42.901;7604
7581;1:42.510;7605
7582;1:42.967;7606
7583;1:43.366;7607
7584;1:43.232;7608
7585;1:43.464;7609
7586;1:43.585;7610
7587;1:43.886;7611
7588;1:44.019;7612
7589;1:44.074;7613
7590;1:44.759;7614
7596;1:17.166;7620
7597;1:17.111;7621
7598;1:16.802;7622
7599;1:17.071;7623
7600;1:17.266;7624
7601;1:17.638;7625
7602;1:17.618;7626
7603;1:18.100;7627
7604;1:17.803;7628
7605;1:17.699;7629
7606;1:18.323;7630
7607;1:18.463;7631
7608;1:18.696;7632
7609;1:18.910;7633
7610;1:19.098;7634
7616;1:11.278;7640
7617;1:11.518;7641
7618;1:11.584;7642
7619;1:11.391;7643
7620;1:12.269;7644
7621;1:12.286;7645
7622;1:12.194;7646
7623;1:12.313;7647
7624;1:12.440;7648
7625;1:12.521;7649
7626;1:12.714;7650
7627;1:12.728;7651
7633;1:12.002;7657
7634;1:12.188;7658
7635;1:12.411;7659
7636;1:11.524;7660
7637;1:11.514;7661
7638;1:11.472;7662
7639;1:11.740;7663
7640;1:11.620;7664
7641;1:11.434;7665
7642;1:11.916;7666
7643;1:12.141;7667
7644;1:12.097;7668
7645;1:12.395;7669
7646;1:12.635;7670
7647;1:12.856;7671
7648;1:12.865;7672
7654;1:12.606;7678
7655;1:12.661;7679
7656;1:30.645;7680
7657;1:31.227;7681
7658;1:30.751;7682
7659;1:30.818;7683
7660;1:31.538;7684
7661;1:30.772;7685
7662;1:32.016;7686
7663;1:32.055;7687
7664;1:31.510;7688
7665;1:31.472;7689
7666;1:32.075;7690
7667;1:32.115;7691
7668;1:32.454;7692
7669;1:32.460;7693
7670;1:32.820;7694
7676;1:03.756;7700
7677;1:03.577;7701
7678;1:03.544;7702
7679;1:03.975;7703
7680;1:04.001;7704
7681;1:04.059;7705
7682;1:04.403;7706
7683;1:04.291;7707
7684;1:04.561;7708
7685;1:04.676;7709
7686;1:04.845;7710
7687;1:04.874;7711
7688;1:04.979;7712
7689;1:05.058;7713
7690;1:05.286;7714
7696;1:26.256;7720
7697;1:26.372;7721
7698;1:26.483;7722
7699;1:26.413;7723
7700;1:27.013;7724
7701;1:27.369;7725
7702;1:27.730;7726
7703;1:27.522;7727
7704;1:27.790;7728
7705;1:27.843;7729
7706;1:27.901;7730
7707;1:27.928;7731
7708;1:28.139;7732
7709;1:28.343;7733
7710;1:28.391;7734
7716;1:12.505;7740
7717;1:12.152;7741
7718;1:12.336;7742
7719;1:12.188;7743
7720;1:12.523;7744
7721;1:12.722;7745
7722;1:12.946;7746
7723;1:13.032;7747
7724;1:12.995;7748
7725;1:13.072;7749
7726;1:13.657;7750
7727;1:13.702;7751
7728;1:13.736;7752
7736;1:32.762;7760
7737;1:28.636;7761
7738;1:30.771;7762
7739;1:31.286;7763
7740;1:31.178;7764
7741;1:32.590;7765
7742;1:32.968;7766
7743;1:33.650;7767
7744;1:35.214;7768
7745;1:36.442;7769
7746;1:36.506;7770
7747;1:37.075;7771
7754;1:31.242;7778
7755;1:32.081;7779
7756;1:41.553;7780
7757;1:41.501;7781
7758;1:43.302;7782
7759;1:43.014;7783
7760;1:43.042;7784
7761;1:41.533;7785
7762;1:42.554;7786
7763;1:43.126;7787
7764;1:43.320;7788
7765;1:42.191;7789
7766;1:43.844;7790
7767;1:43.865;7791
7768;1:44.062;7792
7769;1:44.301;7793
7776;1:19.846;7800
7777;1:19.629;7801
7778;1:19.798;7802
7779;1:20.427;7803
7780;1:20.333;7804
7781;1:21.239;7805
7782;1:21.552;7806
7783;1:21.315;7807
7784;1:21.667;7808
7785;1:21.494;7809
7786;1:21.669;7810
7787;1:21.732;7811
7788;1:22.568;7812
7796;1:37.344;7820
7797;1:37.214;7821
7798;1:37.876;7822
7799;1:37.254;7823
7800;1:37.194;7824
7801;1:37.406;7825
7802;1:38.342;7826
7803;1:38.367;7827
7804;1:38.534;7828
7805;1:38.450;7829
7806;1:38.641;7830
7807;1:38.716;7831
7808;1:38.747;7832
7809;1:39.453;7833
7810;1:39.691;7834
7816;1:32.744;7840
7817;1:32.595;7841
7818;1:33.045;7842
7819;1:33.065;7843
7820;1:33.747;7844
7821;1:33.596;7845
7822;1:33.488;7846
7823;1:33.923;7847
7824;1:33.517;7848
7825;1:33.995;7849
7836;1:28.017;7860
7837;1:27.987;7861
7838;1:28.849;7862
7839;1:28.595;7863
7840;1:29.678;7864
7841;1:29.848;7865
7842;1:29.810;7866
7843;1:29.538;7867
7844;1:28.279;7868
7845;1:29.567;7869
7846;1:29.864;7870
7847;1:30.226;7871
7848;1:30.490;7872
7849;1:30.714;7873
7856;1:33.480;7880
7857;1:33.079;7881
7858;1:32.884;7882
7859;1:33.702;7883
7860;1:34.185;7884
7861;1:34.522;7885
7862;1:34.564;7886
7863;1:34.419;7887
7864;1:34.255;7888
7865;1:34.525;7889
7866;1:34.566;7890
7867;1:34.732;7891
7876;1:15.845;7900
7877;1:15.640;7901
7878;1:15.644;7902
7879;1:15.715;7903
7880;1:15.923;7904
7881;1:15.996;7905
7882;1:16.126;7906
7883;1:16.188;7907
7884;1:16.320;7908
7885;1:16.633;7909
7886;1:16.844;7910
7887;1:17.167;7911
7888;1:17.184;7912
7895;1:16.871;7919
7896;1:07.795;7920
7897;1:07.776;7921
7898;1:07.727;7922
7899;1:08.028;7923
7900;1:08.017;7924
7901;1:08.055;7925
7902;1:08.579;7926
7903;1:08.335;7927
7904;1:08.239;7928
7905;1:08.616;7929
7906;1:08.659;7930
7907;1:08.741;7931
7908;1:08.770;7932
7909;1:08.834;7933
7910;1:10.381;7934
7916;1:35.693;7940
7917;1:36.392;7941
7918;1:36.345;7942
7919;1:36.735;7943
7920;1:36.964;7944
7921;1:36.144;7945
7922;1:36.732;7946
7923;1:36.580;7947
7924;1:36.814;7948
7925;1:36.630;7949
7926;1:36.982;7950
7927;1:37.132;7951
7928;1:37.309;7952
7929;1:37.541;7953
7930;1:37.743;7954
7936;1:21.014;7960
7937;1:21.193;7961
7938;1:21.912;7962
7939;1:21.678;7963
7940;1:21.739;7964
7941;1:21.870;7965
7942;1:22.221;7966
7943;1:22.423;7967
7944;1:22.349;7968
7945;1:22.532;7969
7946;1:22.562;7970
7947;1:22.570;7971
7948;1:22.636;7972
7949;1:22.714;7973
7950;1:22.774;7974
7956;1:28.046;7980
7957;1:28.356;7981
7958;1:28.578;7982
7959;1:28.830;7983
7960;1:29.109;7984
7961;1:29.017;7985
7962;1:29.055;7986
7963;1:29.249;7987
7964;1:29.471;7988
7965;1:29.258;7989
7966;1:29.488;7990
7967;1:29.513;7991
7968;1:29.526;7992
7969;1:29.756;7993
7970;1:29.854;7994
7976;1:31.728;8000
7977;1:31.637;8001
7978;1:32.232;8002
7979;1:32.324;8003
7980;1:32.369;8004
7981;1:32.948;8005
7982;1:33.214;8006
7983;1:33.968;8007
7984;1:33.150;8008
7985;1:33.156;8009
7986;1:33.236;8010
7987;1:33.299;8011
7988;1:33.419;8012
7989;1:33.523;8013
7990;1:33.967;8014
7994;1:41.500;8018
7995;1:41.580;8019
7996;1:41.889;8020
7997;1:41.388;8021
7998;1:41.870;8022
7999;1:42.221;8023
8000;1:42.084;8024
8001;1:42.381;8025
8002;1:41.995;8026
8003;1:42.398;8027
8004;1:42.477;8028
8005;1:42.494;8029
8006;1:42.699;8030
8014;1:15.924;8038
8015;1:16.038;8039
8016;1:16.667;8040
8017;1:16.726;8041
8018;1:16.714;8042
8019;1:16.932;8043
8020;1:17.066;8044
8021;1:17.272;8045
8022;1:17.243;8046
8023;1:17.299;8047
8024;1:17.338;8048
8025;1:17.445;8049
8026;1:17.599;8050
8027;1:17.788;8051
8028;1:17.886;8052
8034;1:10.835;8058
8035;1:10.701;8059
8036;1:10.618;8060
8037;1:11.227;8061
8038;1:11.457;8062
8039;1:11.363;8063
8040;1:11.543;8064
8041;1:11.412;8065
8042;1:11.608;8066
8043;1:11.429;8067
8044;1:11.670;8068
8045;1:11.724;8069
8046;1:12.027;8070
8047;1:12.115;8071
8048;1:12.185;8072
8054;1:11.142;8078
8055;1:11.010;8079
8056;1:11.205;8080
8057;1:11.532;8081
8058;1:11.196;8082
8059;1:11.095;8083
8060;1:11.553;8084
8061;1:11.735;8085
8062;1:11.572;8086
8063;1:11.786;8087
8064;1:11.800;8088
8065;1:11.921;8089
8066;1:12.136;8090
8067;1:12.193;8091
8074;1:29.520;8098
8075;1:29.437;8099
8076;1:29.699;8100
8077;1:30.099;8101
8078;1:30.019;8102
8079;1:30.319;8103
8080;1:29.506;8104
8081;1:30.369;8105
8082;1:30.421;8106
8083;1:30.408;8107
8084;1:30.461;8108
8085;1:30.533;8109
8086;1:30.544;8110
8087;1:30.738;8111
8088;1:31.440;8112
8094;1:03.378;8118
8095;1:03.803;8119
8096;1:03.835;8120
8097;1:03.863;8121
8098;1:04.466;8122
8099;1:04.211;8123
8100;1:04.056;8124
8101;1:04.194;8125
8102;1:03.988;8126
8103;1:03.667;8127
8104;1:04.490;8128
8105;1:04.516;8129
8106;1:04.665;8130
8107;1:04.790;8131
8108;1:13.601;8132
8114;1:25.672;8138
8115;1:25.840;8139
8116;1:25.546;8140
8117;1:25.848;8141
8118;1:26.038;8142
8119;1:26.023;8143
8120;1:26.283;8144
8121;1:26.385;8145
8122;1:26.403;8146
8123;1:26.397;8147
8124;1:26.519;8148
8125;1:26.546;8149
8126;1:26.578;8150
8127;1:26.757;8151
8128;1:26.928;8152
8134;1:12.149;8158
8135;1:12.427;8159
8136;1:12.424;8160
8137;1:12.385;8161
8138;1:12.519;8162
8139;1:12.769;8163
8140;1:12.632;8164
8141;1:12.776;8165
8142;1:12.766;8166
8143;1:12.344;8167
8144;1:12.786;8168
8145;1:12.789;8169
8146;1:12.799;8170
8147;1:13.135;8171
8148;1:13.450;8172
8154;1:15.573;8178
8155;1:15.669;8179
8156;1:15.548;8180
8157;1:15.792;8181
8158;1:15.885;8182
8159;1:16.393;8183
8160;1:16.060;8184
8161;1:16.308;8185
8162;1:16.319;8186
8163;1:16.518;8187
8164;1:16.565;8188
8165;1:16.687;8189
8166;1:16.692;8190
8167;1:16.804;8191
8168;1:17.081;8192
8174;1:42.938;8198
8175;1:43.037;8199
8176;1:43.592;8200
8177;1:43.980;8201
8178;1:44.132;8202
8179;1:44.103;8203
8180;1:44.549;8204
8181;1:44.140;8205
8182;1:44.707;8206
8183;1:44.738;8207
8184;1:44.797;8208
8185;1:44.847;8209
8186;1:45.047;8210
8187;1:45.799;8211
8194;1:19.553;8218
8195;1:19.464;8219
8196;1:20.018;8220
8197;1:19.715;8221
8198;1:19.833;8222
8199;1:20.275;8223
8200;1:20.202;8224
8201;1:20.021;8225
8202;1:20.498;8226
8203;1:20.515;8227
8204;1:20.517;8228
8205;1:20.615;8229
8206;1:20.630;8230
8207;1:21.068;8231
8208;1:21.125;8232
8214;1:36.650;8238
8215;1:36.933;8239
8216;1:36.720;8240
8217;1:37.089;8241
8218;1:37.142;8242
8219;1:37.865;8243
8220;1:37.982;8244
8221;1:38.580;8245
8222;1:37.572;8246
8223;1:38.520;8247
8224;1:38.697;8248
8225;1:38.699;8249
8226;1:38.858;8250
8227;1:39.650;8251
8234;1:32.434;8258
8235;1:33.134;8259
8236;1:32.536;8260
8237;1:32.634;8261
8238;1:33.281;8262
8239;1:33.807;8263
8240;1:33.898;8264
8241;1:33.725;8265
8242;1:33.643;8266
8243;1:33.862;8267
8244;1:33.950;8268
8245;1:33.958;8269
8246;1:34.037;8270
8247;1:34.082;8271
8248;1:34.233;8272
8254;1:28.174;8278
8255;1:28.179;8279
8256;1:27.688;8280
8257;1:27.826;8281
8258;1:28.499;8282
8259;1:28.156;8283
8260;1:28.577;8284
8261;1:28.571;8285
8262;1:28.779;8286
8263;1:29.144;8287
8264;1:29.254;8288
8265;1:29.345;8289
8266;1:29.358;8290
8267;1:29.563;8291
8268;1:30.112;8292
8274;1:16.136;8298
8275;1:16.219;8299
8276;1:15.914;8300
8277;1:15.721;8301
8278;1:16.574;8302
8279;1:15.852;8303
8280;1:16.267;8304
8281;1:16.447;8305
8282;1:16.657;8306
8283;1:16.679;8307
8284;1:16.687;8308
8285;1:16.885;8309
8286;1:16.933;8310
8287;1:16.967;8311
8288;1:17.269;8312
8294;1:33.160;8318
8295;1:33.782;8319
8296;1:33.120;8320
8297;1:32.760;8321
8298;1:33.045;8322
8299;1:32.898;8323
8300;1:33.422;8324
8301;1:33.316;8325
8302;1:33.608;8326
8303;1:33.715;8327
8304;1:33.815;8328
8305;1:33.979;8329
8306;1:33.989;8330
8307;1:34.100;8331
8308;1:34.158;8332
8314;1:07.503;8338
8315;1:08.050;8339
8316;1:08.088;8340
8317;1:07.888;8341
8318;1:08.232;8342
8319;1:08.117;8343
8320;1:08.770;8344
8321;1:08.705;8345
8322;1:08.858;8346
8323;1:08.803;8347
8324;1:08.868;8348
8325;1:08.903;8349
8326;1:08.919;8350
8327;1:08.921;8351
8328;1:09.035;8352
8334;1:35.634;8358
8335;1:35.674;8359
8336;1:36.275;8360
8337;1:35.543;8361
8338;1:35.786;8362
8339;1:36.718;8363
8340;1:36.764;8364
8341;1:36.785;8365
8342;1:36.308;8366
8343;1:36.859;8367
8344;1:37.055;8368
8345;1:37.089;8369
8346;1:37.103;8370
8347;1:37.141;8371
8348;1:37.254;8372
8354;1:03.015;8378
8355;1:03.096;8379
8356;1:04.000;8380
8357;1:03.819;8381
8358;1:03.746;8382
8359;1:03.860;8383
8360;1:04.041;8384
8361;1:03.971;8385
8362;1:03.955;8386
8363;1:04.023;8387
8364;1:04.206;8388
8365;1:04.305;8389
8366;1:04.431;8390
8367;1:04.643;8391
8368;1:04.691;8392
8374;1:17.825;8398
8375;1:17.938;8399
8376;1:18.836;8400
8377;1:18.657;8401
8378;1:18.764;8402
8379;1:18.448;8403
8380;1:19.014;8404
8381;1:18.744;8405
8382;1:19.229;8406
8383;1:19.545;8407
8384;1:19.628;8408
8385;1:19.636;8409
8386;1:19.645;8410
8387;1:19.717;8411
8388;1:20.211;8412
8394;1:14.530;8418
8395;1:15.176;8419
8396;1:15.394;8420
8397;1:15.131;8421
8398;1:15.006;8422
8399;1:14.976;8423
8400;1:15.085;8424
8401;1:15.267;8425
8402;1:15.508;8426
8403;1:15.661;8427
8404;1:15.698;8428
8405;1:15.715;8429
8406;1:15.742;8430
8407;1:16.544;8431
8413;1:14.261;8437
8414;1:25.347;8438
8415;1:25.015;8439
8416;1:26.144;8440
8417;1:26.203;8441
8418;1:26.420;8442
8419;1:26.501;8443
8420;1:26.149;8444
8421;1:26.339;8445
8422;1:26.252;8446
8423;1:26.455;8447
8424;1:26.501;8448
8425;1:26.545;8449
8426;1:26.566;8450
8427;1:26.744;8451
8428;1:27.092;8452
8434;1:25.785;8458
8435;1:26.266;8459
8436;1:26.261;8460
8437;1:26.779;8461
8438;1:26.636;8462
8439;1:26.674;8463
8440;1:26.523;8464
8441;1:26.709;8465
8442;1:26.642;8466
8443;1:26.885;8467
8444;1:27.011;8468
8445;1:27.078;8469
8446;1:27.083;8470
8447;1:27.254;8471
8448;1:27.455;8472
8454;1:16.013;8478
8455;1:16.152;8479
8456;1:16.518;8480
8457;1:16.936;8481
8458;1:16.666;8482
8459;1:17.163;8483
8460;1:16.876;8484
8461;1:17.166;8485
8462;1:16.953;8486
8463;1:16.800;8487
8464;1:17.168;8488
8465;1:17.192;8489
8466;1:17.198;8490
8467;1:17.386;8491
8468;1:17.567;8492
8474;1:42.014;8498
8475;1:42.126;8499
8476;1:42.473;8500
8477;1:42.487;8501
8478;1:42.193;8502
8479;1:42.534;8503
8480;1:42.478;8504
8481;1:42.670;8505
8482;1:42.491;8506
8483;1:42.722;8507
8484;1:42.730;8508
8485;1:42.745;8509
8486;1:42.996;8510
8487;1:43.261;8511
8488;1:43.468;8512
8494;1:19.092;8518
8495;1:18.952;8519
8496;1:19.705;8520
8497;1:19.718;8521
8498;1:19.780;8522
8499;1:19.962;8523
8500;1:20.031;8524
8501;1:19.924;8525
8502;1:20.064;8526
8503;1:19.909;8527
8504;1:20.169;8528
8505;1:20.234;8529
8506;1:20.273;8530
8507;1:20.926;8531
8508;1:21.573;8532
8514;1:15.309;8538
8515;1:15.322;8539
8516;1:15.471;8540
8517;1:15.914;8541
8518;1:16.324;8542
8519;1:16.489;8543
8520;1:16.271;8544
8521;1:16.243;8545
8522;1:16.522;8546
8523;1:16.297;8547
8524;1:16.640;8548
8525;1:16.854;8549
8526;1:16.854;8550
8527;1:16.858;8551
8528;1:17.254;8552
8534;1:32.835;8558
8535;1:33.157;8559
8536;1:32.405;8560
8537;1:33.038;8561
8538;1:32.218;8562
8539;1:32.757;8563
8540;1:33.196;8564
8541;1:33.081;8565
8542;1:33.139;8566
8543;1:33.153;8567
8544;1:33.239;8568
8545;1:33.249;8569
8546;1:33.364;8570
8547;1:33.583;8571
8548;1:33.609;8572
8554;1:25.971;8578
8555;1:25.390;8579
8556;1:25.467;8580
8557;1:26.240;8581
8558;1:26.285;8582
8559;1:26.096;8583
8560;1:26.364;8584
8561;1:26.316;8585
8562;1:26.330;8586
8563;1:26.361;8587
8564;1:26.738;8588
8565;1:26.776;8589
8566;1:26.848;8590
8567;1:26.936;8591
8568;1:27.125;8592
8574;1:17.626;8626
8575;1:17.614;8625
8576;1:17.481;8624
8577;1:17.367;8623
8578;1:17.321;8622
8579;1:17.183;8621
8580;1:17.411;8620
8581;1:17.129;8619
8582;1:17.367;8618
8583;1:17.038;8617
8584;1:16.466;8616
8585;1:16.824;8615
8586;1:17.728;8627
8587;1:17.788;8628
8588;1:17.919;8629
8594;1:14.585;8635
8595;1:14.643;8636
8596;1:14.974;8637
8597;1:14.681;8638
8598;1:14.953;8639
8599;1:14.745;8640
8600;1:15.017;8641
8601;1:15.022;8642
8602;1:15.051;8643
8603;1:15.027;8644
8604;1:15.061;8645
8605;1:15.201;8646
8606;1:15.323;8647
8607;1:15.385;8648
8608;1:15.494;8649
8614;1:53.372;8655
8615;1:50.293;8656
8616;1:54.097;8657
8617;1:52.282;8658
8618;1:54.278;8659
8619;1:52.709;8660
8620;1:53.657;8661
8621;1:53.793;8662
8622;1:53.767;8663
8623;1:53.431;8664
8624;1:54.945;8665
8625;1:55.169;8666
8626;1:55.410;8667
8627;1:56.696;8668
8628;1:58.556;8669
8634;1:27.586;8675
8635;1:28.063;8676
8636;1:28.025;8677
8637;1:28.749;8678
8638;1:28.894;8679
8639;1:28.648;8680
8640;1:28.937;8681
8641;1:29.008;8682
8642;1:28.877;8683
8643;1:28.944;8684
8644;1:29.149;8685
8645;1:29.165;8686
8646;1:29.557;8687
8647;1:31.218;8688
8654;0:53.803;8695
8655;0:53.819;8696
8656;0:53.647;8697
8657;0:53.825;8698
8658;0:53.787;8699
8659;0:53.856;8700
8660;0:53.871;8701
8661;0:53.818;8702
8662;0:53.941;8703
8663;0:53.840;8704
8664;0:53.995;8705
8665;0:54.026;8706
8666;0:54.175;8707
8667;0:54.377;8708
8668;0:54.693;8709
8674;1:35.641;8715
8675;1:35.527;8716
8676;1:35.466;8717
8677;1:35.849;8718
8678;1:35.654;8719
8679;1:36.192;8720
8680;1:36.214;8721
8681;1:36.143;8722
8682;1:35.932;8723
8683;1:36.282;8724
8684;1:36.359;8725
8685;1:36.406;8726
8686;1:36.631;8727
8687;1:38.248;8728
8694;1:30.318;8735
8695;1:30.085;8736
8696;1:30.186;8737
8697;1:30.010;8738
8698;1:30.513;8739
8699;1:30.222;8740
8700;1:30.099;8741
8701;1:30.009;8742
8702;1:30.595;8743
8703;1:30.624;8744
8704;1:30.659;8745
8705;1:30.708;8746
8706;1:31.203;8747
8707;1:31.238;8748
8708;1:33.430;8749
8714;1:14.817;8755
8715;1:14.716;8756
8716;1:14.884;8757
8717;1:14.808;8758
8718;1:14.927;8759
8719;1:15.033;8760
8720;1:14.718;8761
8721;1:14.905;8762
8722;1:15.117;8763
8723;1:15.138;8764
8724;1:15.199;8765
8725;1:15.261;8766
8726;1:15.394;8767
8727;1:15.593;8768
8728;1:15.593;8769
8734;1:18.458;8775
8735;1:17.968;8776
8736;1:18.650;8777
8737;1:18.845;8778
8738;1:18.813;8779
8739;1:18.586;8780
8740;1:18.481;8781
8741;1:18.769;8782
8742;1:19.052;8783
8743;1:18.970;8784
8744;1:19.109;8785
8745;1:19.216;8786
8746;1:19.456;8787
8747;1:19.463;8788
8748;1:19.812;8789
8754;1:17.166;8795
8755;1:16.922;8796
8756;1:17.142;8797
8757;1:17.717;8798
8758;1:17.743;8799
8759;1:17.656;8800
8760;1:17.719;8801
8761;1:17.669;8802
8762;1:17.696;8803
8763;1:17.966;8804
8764;1:17.974;8805
8765;1:17.982;8806
8766;1:18.079;8807
8767;1:18.356;8808
8768;1:19.154;8809
8774;1:10.597;8815
8775;1:10.650;8816
8776;1:10.695;8817
8777;1:10.806;8818
8778;1:11.031;8819
8779;1:11.179;8820
8780;1:11.116;8821
8781;1:11.309;8822
8782;1:11.019;8823
8783;1:11.409;8824
8784;1:11.486;8825
8785;1:11.598;8826
8786;1:11.600;8827
8787;1:11.642;8828
8788;1:11.830;8829
8793;1:41.659;8834
8794;1:41.634;8835
8795;1:41.625;8836
8796;1:41.932;8837
8797;1:41.740;8838
8798;1:41.813;8839
8799;1:41.630;8840
8800;1:41.654;8841
8801;1:42.195;8842
8802;1:42.106;8843
8803;1:42.224;8844
8804;1:42.273;8845
8805;1:42.558;8846
8806;1:42.587;8847
8807;1:42.758;8848
8813;1:31.080;8854
8814;1:30.788;8855
8815;1:30.735;8856
8816;1:30.971;8857
8817;1:31.146;8858
8818;1:31.353;8859
8819;1:31.567;8860
8820;1:31.542;8861
8821;1:31.549;8862
8822;1:31.615;8863
8823;1:31.736;8864
8824;1:31.767;8865
8825;1:31.813;8866
8826;1:32.065;8867
8833;1:04.433;8874
8834;1:04.443;8875
8835;1:04.512;8876
8836;1:04.298;8877
8837;1:04.197;8878
8838;1:04.429;8879
8839;1:04.646;8880
8840;1:04.631;8881
8841;1:04.582;8882
8842;1:04.663;8883
8843;1:04.671;8884
8844;1:04.800;8885
8845;1:04.808;8886
8846;1:04.875;8887
8847;1:04.913;8888
8853;1:03.927;8894
8854;1:04.415;8895
8855;1:04.483;8896
8856;1:04.258;8897
8857;1:04.376;8898
8858;1:04.412;8899
8859;1:04.518;8900
8860;1:04.493;8901
8861;1:04.553;8902
8862;1:04.547;8903
8863;1:04.559;8904
8864;1:04.600;8905
8865;1:04.719;8906
8866;1:04.856;8907
8867;1:05.083;8908
8873;1:26.023;8914
8874;1:26.315;8915
8875;1:26.764;8916
8876;1:26.919;8917
8877;1:27.073;8918
8878;1:27.220;8919
8879;1:27.125;8920
8880;1:27.080;8921
8881;1:26.848;8922
8882;1:27.103;8923
8883;1:27.245;8924
8884;1:27.273;8925
8885;1:27.340;8926
8886;1:27.617;8927
8887;1:27.665;8928
8893;1:16.553;8934
8894;1:16.702;8935
8895;1:15.650;8936
8896;1:16.443;8937
8897;1:16.394;8938
8898;1:16.385;8939
8899;1:16.574;8940
8900;1:16.766;8941
8901;1:16.541;8942
8902;1:16.794;8943
8903;1:16.871;8944
8904;1:16.893;8945
8905;1:17.564;8946
8906;1:17.583;8947
8913;1:56.559;8954
8914;1:56.950;8955
8915;1:56.229;8956
8916;1:57.127;8957
8917;1:56.814;8958
8918;1:56.440;8959
8919;1:56.886;8960
8920;1:56.295;8961
8921;1:57.354;8962
8922;1:56.025;8963
8923;1:57.721;8964
8924;1:58.056;8965
8925;1:58.137;8966
8926;1:58.205;8967
8927;1:58.231;8968
8933;1:09.071;8974
8934;1:09.726;8975
8935;1:09.769;8976
8936;1:09.541;8977
8937;1:09.437;8978
8938;1:09.870;8979
8939;1:10.033;8980
8940;1:09.919;8981
8941;1:10.020;8982
8942;1:09.865;8983
8943;1:10.332;8984
8944;1:10.367;8985
8945;1:10.406;8986
8946;1:11.161;8987
8947;1:11.314;8988
8953;1:20.032;8994
8954;1:19.936;8995
8955;1:20.229;8996
8956;1:20.059;8997
8957;1:20.435;8998
8958;1:20.556;8999
8959;1:20.750;9000
8960;1:20.767;9001
8961;1:20.882;9002
8962;1:20.726;9003
8963;1:20.913;9004
8964;1:21.020;9005
8965;1:21.069;9006
8966;1:21.103;9007
8967;1:21.392;9008
8973;1:45.827;9014
8974;1:46.521;9015
8975;1:46.435;9016
8976;1:45.129;9017
8977;1:46.361;9018
8978;1:45.514;9019
8979;1:45.306;9020
8980;1:46.360;9021
8981;1:45.834;9022
8982;1:46.070;9023
8983;1:46.573;9024
8984;1:46.641;9025
8985;1:46.751;9026
8995;1:23.082;9036
8996;1:23.579;9037
8997;1:23.732;9038
8998;1:24.015;9039
8999;1:23.817;9040
9000;1:23.914;9041
9001;1:23.961;9042
9002;1:24.642;9043
9003;1:24.601;9044
9004;1:24.054;9045
9005;1:24.795;9046
9006;1:24.842;9047
9007;1:25.007;9048
9008;1:25.200;9049
9015;1:33.464;9056
9016;1:33.797;9057
9017;1:34.178;9058
9018;1:33.959;9059
9019;1:33.928;9060
9020;1:34.126;9061
9021;1:34.643;9062
9022;1:33.880;9063
9023;1:34.583;9064
9024;1:35.137;9065
9025;1:35.377;9066
9026;1:35.500;9067
9027;1:35.794;9068
9028;1:44.549;9069
9035;1:16.864;9076
9036;1:16.474;9077
9037;1:16.483;9078
9038;1:17.055;9079
9039;1:16.955;9080
9040;1:17.248;9081
9041;1:17.092;9082
9042;1:17.034;9083
9043;1:16.701;9084
9044;1:17.473;9085
9045;1:17.746;9086
9046;1:17.958;9087
9047;1:18.172;9088
9048;1:18.290;9089
9049;1:18.405;9090
9055;1:08.068;9096
9056;1:08.499;9097
9057;1:08.426;9098
9058;1:08.973;9099
9059;1:08.903;9100
9060;1:09.031;9101
9061;1:08.859;9102
9062;1:09.030;9103
9063;1:09.093;9104
9064;1:09.137;9105
9065;1:09.189;9106
9066;1:09.399;9107
9067;1:09.483;9108
9068;1:09.503;9109
9069;1:10.227;9110
9075;1:21.682;9116
9076;1:21.984;9117
9077;1:21.991;9118
9078;1:21.728;9119
9079;1:21.894;9120
9080;1:22.216;9121
9081;1:22.241;9122
9082;1:22.058;9123
9083;1:22.012;9124
9084;1:22.146;9125
9085;1:22.346;9126
9086;1:22.460;9127
9087;1:22.463;9128
9088;1:22.597;9129
9089;1:22.756;9130
9095;1:27.712;9136
9096;1:28.054;9137
9097;1:27.953;9138
9098;1:28.459;9139
9099;1:27.946;9140
9100;1:28.314;9141
9101;1:28.344;9142
9102;1:28.222;9143
9103;1:28.574;9144
9104;1:28.616;9145
9105;1:28.668;9146
9106;1:28.885;9147
9107;1:28.920;9148
9108;1:29.054;9149
9109;1:53.652;9150
9115;1:22.800;9156
9116;1:23.145;9157
9117;1:23.256;9158
9118;1:23.135;9159
9119;1:23.174;9160
9120;1:23.246;9161
9121;1:23.202;9162
9122;1:23.404;9163
9123;1:23.420;9164
9124;1:23.448;9165
9125;1:23.460;9166
9126;1:24.043;9167
9127;1:24.066;9168
9128;1:24.251;9169
9129;1:24.305;9170
9135;1:30.932;9176
9136;1:30.757;9177
9137;1:30.787;9178
9138;1:31.008;9179
9139;1:31.048;9180
9140;1:31.717;9181
9141;1:31.461;9182
9142;1:31.621;9183
9143;1:31.252;9184
9144;1:31.635;9185
9145;1:31.782;9186
9146;1:31.998;9187
9147;1:32.008;9188
9148;1:32.664;9189
9149;1:33.543;9190
9155;1:29.819;9225
9156;1:29.773;9224
9157;1:29.651;9223
9158;1:29.546;9222
9159;1:29.418;9221
9160;1:29.404;9220
9161;1:29.295;9219
9162;1:29.618;9218
9163;1:29.584;9217
9164;1:28.945;9216
9165;1:28.686;9215
9166;1:28.780;9214
9167;1:28.924;9213
9168;1:29.920;9226
9169;1:31.009;9227
9175;1:18.606;9233
9176;1:18.611;9234
9177;1:18.340;9235
9178;1:19.066;9236
9179;1:19.106;9237
9180;1:19.076;9238
9181;1:19.130;9239
9182;1:19.136;9240
9183;1:18.469;9241
9184;1:18.815;9242
9185;1:19.226;9243
9186;1:19.410;9244
9187;1:19.424;9245
9188;1:20.155;9246
9189;1:20.465;9247
9195;1:18.793;9253
9196;1:19.584;9254
9197;1:19.294;9255
9198;1:19.902;9256
9199;1:19.595;9257
9200;1:20.031;9258
9201;1:19.296;9259
9202;1:20.192;9260
9203;1:19.957;9261
9204;1:18.990;9262
9205;1:20.757;9263
9206;1:20.916;9264
9207;1:21.138;9265
9208;1:21.434;9266
9209;1:28.119;9267
9215;1:29.130;9273
9216;1:29.729;9274
9217;1:29.202;9275
9218;1:29.673;9276
9219;1:29.751;9277
9220;1:29.797;9278
9221;1:30.128;9279
9222;1:29.634;9280
9223;1:30.031;9281
9224;1:29.996;9282
9225;1:30.160;9283
9226;1:30.173;9284
9227;1:30.214;9285
9228;1:30.310;9286
9229;1:30.423;9287
9235;1:19.969;9293
9236;1:19.219;9294
9237;1:19.453;9295
9238;1:19.470;9296
9239;1:19.830;9297
9240;1:19.794;9298
9241;1:20.053;9299
9242;1:19.810;9300
9243;1:20.287;9301
9244;1:20.436;9302
9245;1:20.471;9303
9246;1:20.638;9304
9247;1:20.639;9305
9248;1:20.861;9306
9249;1:21.094;9307
9255;1:11.864;9313
9256;1:12.074;9314
9257;1:11.954;9315
9258;1:12.117;9316
9259;1:12.266;9317
9260;1:12.617;9318
9261;1:12.688;9319
9262;1:12.595;9320
9263;1:12.613;9321
9264;1:12.528;9322
9265;1:12.797;9323
9266;1:12.909;9324
9267;1:12.921;9325
9268;1:12.964;9326
9269;1:13.081;9327
9275;1:42.046;9333
9276;1:41.955;9334
9277;1:42.227;9335
9278;1:42.088;9336
9279;1:43.281;9337
9280;1:43.129;9338
9281;1:43.182;9339
9282;1:43.376;9340
9283;1:43.268;9341
9284;1:43.360;9342
9285;1:43.398;9343
9286;1:43.574;9344
9287;1:43.585;9345
9288;1:43.790;9346
9289;1:44.444;9347
9295;1:23.746;9353
9296;1:24.848;9354
9297;1:25.197;9355
9298;1:25.543;9356
9299;1:26.254;9357
9300;1:25.684;9358
9301;1:26.135;9359
9302;1:24.950;9360
9303;1:26.375;9361
9304;1:26.116;9362
9305;1:26.788;9363
9306;1:26.858;9364
9307;1:33.127;9365
9315;1:41.602;9373
9316;1:40.655;9374
9317;1:41.247;9375
9318;1:42.513;9376
9319;1:41.062;9377
9320;1:41.821;9378
9321;1:42.209;9379
9322;1:41.725;9380
9323;1:42.640;9381
9324;1:43.273;9382
9325;1:43.702;9383
9326;1:44.232;9384
9327;1:44.311;9385
9328;1:44.355;9386
9329;1:45.190;9387
9335;1:05.374;9393
9336;1:05.287;9394
9337;1:05.576;9395
9338;1:05.697;9396
9339;1:05.993;9397
9340;1:05.894;9398
9341;1:06.151;9399
9342;1:06.082;9400
9343;1:05.475;9401
9344;1:06.160;9402
9345;1:06.230;9403
9346;1:06.319;9404
9347;1:06.458;9405
9348;1:06.851;9406
9349;1:25.847;9407
9355;1:31.216;9413
9356;1:31.990;9414
9357;1:32.120;9415
9358;1:32.274;9416
9359;1:32.777;9417
9360;1:32.633;9418
9361;1:32.631;9419
9362;1:32.836;9420
9363;1:31.081;9421
9364;1:32.649;9422
9365;1:32.922;9423
9366;1:33.048;9424
9367;1:33.052;9425
9368;1:33.276;9426
9369;1:33.307;9427
9375;1:18.154;9433
9376;1:17.946;9434
9377;1:17.768;9435
9378;1:18.121;9436
9379;1:18.216;9437
9380;1:17.904;9438
9381;1:18.035;9439
9382;1:18.445;9440
9383;1:18.198;9441
9384;1:17.703;9442
9385;1:18.516;9443
9386;1:18.573;9444
9387;1:18.825;9445
9388;1:19.137;9446
9389;1:19.202;9447
9395;1:44.723;9453
9396;1:45.418;9454
9397;1:44.794;9455
9398;1:44.551;9456
9399;1:45.475;9457
9400;1:45.552;9458
9401;1:45.420;9459
9402;1:45.461;9460
9403;1:45.675;9461
9404;1:45.603;9462
9405;1:45.767;9463
9406;1:45.827;9464
9407;1:46.085;9465
9408;1:46.611;9466
9409;1:47.718;9467
9415;1:10.927;9473
9416;1:10.988;9474
9417;1:10.814;9475
9418;1:11.075;9476
9419;1:11.314;9477
9420;1:10.824;9478
9421;1:11.116;9479
9422;1:11.420;9480
9423;1:11.428;9481
9424;1:11.416;9482
9425;1:11.512;9483
9426;1:11.605;9484
9427;1:11.613;9485
9428;1:11.704;9486
9429;1:11.802;9487
9435;1:21.208;9493
9436;1:21.265;9494
9437;1:20.878;9495
9438;1:21.358;9496
9439;1:21.708;9497
9440;1:21.747;9498
9441;1:21.831;9499
9442;1:21.855;9500
9443;1:22.062;9501
9444;1:21.861;9502
9445;1:22.130;9503
9446;1:22.235;9504
9447;1:22.471;9505
9448;1:22.577;9506
9455;1:52.343;9513
9456;1:52.818;9514
9457;1:52.691;9515
9458;1:53.219;9516
9459;1:53.127;9517
9460;1:53.942;9518
9461;1:53.546;9519
9462;1:52.723;9520
9463;1:54.006;9521
9464;1:53.848;9522
9465;1:54.012;9523
9466;1:54.211;9524
9467;1:54.370;9525
9468;1:54.380;9526
9469;1:55.518;9527
9475;1:30.346;9533
9476;1:30.486;9534
9477;1:30.444;9535
9478;1:29.925;9536
9479;1:30.357;9537
9480;1:30.443;9538
9481;1:30.343;9539
9482;1:30.465;9540
9483;1:30.656;9541
9484;1:30.473;9542
9485;1:30.659;9543
9486;1:30.709;9544
9487;1:30.808;9545
9488;1:30.953;9546
9489;1:31.439;9547
9495;1:35.590;9553
9496;1:35.246;9554
9497;1:35.294;9555
9498;1:35.864;9556
9499;1:35.732;9557
9500;1:35.692;9558
9501;1:36.032;9559
9502;1:36.341;9560
9503;1:35.988;9561
9504;1:36.321;9562
9505;1:36.368;9563
9506;1:36.398;9564
9507;1:36.740;9565
9508;1:36.970;9566
9509;1:37.147;9567
9515;1:18.566;9573
9516;1:18.565;9574
9517;1:18.552;9575
9518;1:18.615;9576
9519;1:18.560;9577
9520;1:18.762;9578
9521;1:19.109;9579
9522;1:19.119;9580
9523;1:19.272;9581
9524;1:19.081;9582
9525;1:19.325;9583
9526;1:19.476;9584
9527;1:19.589;9585
9528;1:19.672;9586
9529;1:19.833;9587
9535;1:11.410;9593
9536;1:10.881;9594
9537;1:11.318;9595
9538;1:11.377;9596
9539;1:10.890;9597
9540;1:11.587;9598
9541;1:11.394;9599
9542;1:11.539;9600
9543;1:11.456;9601
9544;1:10.950;9602
9545;1:11.631;9603
9546;1:11.675;9604
9547;1:11.678;9605
9548;1:12.140;9606
9554;1:12.210;9612
9555;1:24.622;9613
9556;1:24.419;9614
9557;1:24.517;9615
9558;1:24.521;9616
9559;1:24.774;9617
9560;1:24.940;9618
9561;1:24.903;9619
9562;1:25.007;9620
9563;1:24.974;9621
9564;1:25.068;9622
9565;1:25.096;9623
9566;1:25.219;9624
9567;1:25.225;9625
9568;1:25.359;9626
9569;1:25.408;9627
9575;1:30.503;9633
9576;1:30.746;9634
9577;1:30.282;9635
9578;1:30.515;9636
9579;1:30.645;9637
9580;1:30.507;9638
9581;1:30.513;9639
9582;1:31.127;9640
9583;1:30.914;9641
9584;1:30.809;9642
9585;1:31.381;9643
9586;1:31.443;9644
9587;1:31.473;9645
9588;1:32.510;9646
9595;1:28.635;9653
9596;1:28.903;9654
9597;1:28.757;9655
9598;1:29.132;9656
9599;1:28.957;9657
9600;1:28.962;9658
9601;1:29.255;9659
9602;1:29.374;9660
9603;1:29.378;9661
9604;1:29.411;9662
9605;1:29.451;9663
9606;1:29.461;9664
9607;1:29.634;9665
9608;1:29.668;9666
9609;1:49.953;9667
9615;1:17.056;9673
9616;1:17.513;9674
9617;1:17.551;9675
9618;1:17.283;9676
9619;1:17.349;9677
9620;1:17.616;9678
9621;1:17.390;9679
9622;1:17.761;9680
9623;1:17.574;9681
9624;1:17.412;9682
9625;1:17.768;9683
9626;1:18.099;9684
9627;1:18.119;9685
9628;1:18.129;9686
9629;1:18.335;9687
9635;1:41.037;9693
9636;1:40.822;9694
9637;1:41.131;9695
9638;1:41.369;9696
9639;1:41.650;9697
9640;1:41.370;9698
9641;1:41.485;9699
9642;1:41.569;9700
9643;1:41.576;9701
9644;1:41.636;9702
9645;1:41.654;9703
9646;1:41.798;9704
9647;1:41.818;9705
9648;1:42.259;9706
9649;1:42.395;9707
9655;1:27.328;9713
9656;1:27.097;9714
9657;1:27.148;9715
9658;1:27.673;9716
9659;1:27.612;9717
9660;1:27.743;9718
9661;1:26.964;9719
9662;1:27.444;9720
9663;1:26.814;9721
9664;1:27.564;9722
9665;1:27.795;9723
9666;1:27.903;9724
9667;1:27.975;9725
9668;1:28.091;9726
9669;1:28.395;9727
9675;1:11.908;9733
9676;1:12.107;9734
9677;1:12.103;9735
9678;1:12.248;9736
9679;1:12.210;9737
9680;1:12.156;9738
9681;1:12.169;9739
9682;1:12.151;9740
9683;1:12.249;9741
9684;1:12.377;9742
9685;1:12.395;9743
9686;1:12.428;9744
9687;1:12.527;9745
9688;1:12.623;9746
9689;1:12.625;9747
9695;1:12.760;9753
9696;1:12.790;9754
9697;1:12.776;9755
9698;1:13.186;9756
9699;1:12.999;9757
9700;1:13.082;9758
9701;1:13.001;9759
9702;1:13.283;9760
9703;1:13.098;9761
9704;1:13.059;9762
9705;1:13.334;9763
9706;1:13.447;9764
9707;1:13.521;9765
9708;1:14.083;9766
9709;1:14.477;9767
9715;1:19.092;9773
9716;1:20.305;9774
9717;1:19.776;9775
9718;1:20.426;9776
9719;1:20.098;9777
9720;1:20.406;9778
9721;1:19.347;9779
9722;1:19.856;9780
9723;1:19.659;9781
9724;1:18.725;9782
9725;1:20.615;9783
9726;1:20.959;9784
9727;1:21.484;9785
9728;1:21.678;9786
9729;1:21.821;9787
9735;1:04.951;9793
9736;1:05.087;9794
9737;1:04.975;9795
9738;1:05.038;9796
9739;1:05.188;9797
9740;1:05.121;9798
9741;1:05.181;9799
9742;1:05.362;9800
9743;1:05.308;9801
9744;1:05.387;9802
9745;1:05.428;9803
9746;1:05.453;9804
9747;1:05.605;9805
9748;1:05.680;9806
9749;2:06.688;9807
9755;1:27.702;9813
9756;1:28.042;9814
9757;1:27.845;9815
9758;1:28.361;9816
9759;1:28.265;9817
9760;1:28.782;9818
9761;1:28.545;9819
9762;1:28.067;9820
9763;1:28.368;9821
9764;1:28.751;9822
9765;1:28.896;9823
9766;1:28.935;9824
9767;1:28.956;9825
9768;1:29.031;9826
9775;1:17.427;9833
9776;1:17.547;9834
9777;1:17.328;9835
9778;1:17.571;9836
9779;1:17.700;9837
9780;1:17.580;9838
9781;1:17.563;9839
9782;1:17.701;9840
9783;1:17.675;9841
9784;1:17.652;9842
9785;1:17.703;9843
9786;1:17.841;9844
9787;1:18.002;9845
9788;1:18.144;9846
9789;1:18.217;9847
9795;1:52.784;9853
9796;1:52.017;9854
9797;1:52.353;9855
9798;1:52.345;9856
9799;1:51.711;9857
9800;1:51.534;9858
9801;1:52.252;9859
9802;1:52.605;9860
9803;1:52.751;9861
9804;1:52.193;9862
9805;1:53.148;9863
9806;1:53.671;9864
9807;1:54.160;9865
9808;1:54.694;9866
9809;1:56.372;9867
