id;q3;qualifyId
0;1:26.714;1
1;1:26.869;2
2;1:27.079;3
3;1:27.178;4
4;1:27.236;5
5;1:28.527;6
6;1:28.687;7
7;1:29.041;8
8;1:29.593;9
22;1:35.748;23
23;1:36.230;24
24;1:36.613;25
25;1:36.709;26
26;1:36.711;27
27;1:36.727;28
28;1:36.753;29
29;1:37.009;30
30;1:38.450;31
31;1:39.656;32
44;1:33.096;45
45;1:33.123;46
46;1:33.292;47
47;1:33.418;48
48;1:33.488;49
49;1:33.737;50
50;1:33.994;51
51;1:34.015;52
52;1:35.057;53
53;1:35.115;54
66;1:21.813;67
67;1:21.904;68
68;1:22.058;69
69;1:22.065;70
70;1:22.096;71
71;1:22.231;72
72;1:22.429;73
73;1:22.529;74
74;1:22.542;75
75;1:22.699;76
88;1:27.617;89
89;1:27.808;90
90;1:27.923;91
91;1:27.936;92
92;1:28.390;93
93;1:28.417;94
94;1:28.422;95
95;1:28.836;96
96;1:28.882;97
97;1:29.959;98
108;1:15.787;109
109;1:15.815;110
110;1:15.839;111
111;1:16.165;112
112;1:16.171;113
113;1:16.548;114
114;1:16.852;115
115;1:17.203;116
116;1:17.343;117
128;1:17.886;129
129;1:18.498;130
130;1:18.735;131
131;1:18.746;132
132;1:18.844;133
133;1:19.048;134
134;1:19.089;135
135;1:19.633;136
136;1:20.848;137
148;1:16.449;149
149;1:16.490;150
150;1:16.693;151
151;1:16.840;152
152;1:16.920;153
153;1:16.944;154
154;1:17.037;155
155;1:17.233;156
156;1:17.426;157
157;1:17.596;158
168;1:21.049;169
169;1:21.554;170
170;1:21.706;171
171;1:21.835;172
172;1:21.873;173
173;1:22.029;174
174;1:22.491;175
175;1:23.251;176
176;1:23.305;177
188;1:15.666;189
189;1:15.859;190
190;1:16.143;191
191;1:16.191;192
192;1:16.385;193
193;1:16.389;194
194;1:16.521;195
195;1:17.014;196
196;1:17.244;197
197;1:17.503;198
208;1:20.899;209
209;1:21.140;210
210;1:21.191;211
211;1:21.281;212
212;1:21.326;213
213;1:21.516;214
214;1:21.698;215
215;1:21.732;216
216;1:21.767;217
217;1:22.371;218
228;1:38.989;229
229;1:39.199;230
230;1:39.392;231
231;1:39.488;232
232;1:39.937;233
233;1:40.142;234
234;1:40.309;235
235;1:40.631;236
236;1:40.721;237
237;1:40.750;238
248;1:47.338;249
249;1:47.678;250
250;1:47.815;251
251;1:47.992;252
252;1:48.315;253
253;1:48.504;254
254;1:48.736;255
255;1:48.763;256
256;1:48.951;257
257;1:50.319;258
268;1:37.555;269
269;1:37.631;270
270;1:38.117;271
271;1:38.445;272
272;1:38.767;273
273;1:38.894;274
274;1:39.152;275
275;1:39.751;276
276;1:39.787;277
277;1:39.906;278
288;1:44.801;289
289;1:45.465;290
290;1:45.617;291
291;1:45.779;292
292;1:45.873;293
293;1:45.964;294
294;1:46.244;295
295;1:46.328;296
296;1:46.611;297
297;1:47.547;298
308;1:18.404;309
309;1:18.644;310
310;1:18.821;311
311;1:18.852;312
312;1:18.874;313
313;1:18.979;314
314;1:19.026;315
315;1:19.118;316
316;1:19.638;317
317;1:20.167;318
328;1:36.303;329
329;1:36.645;330
330;1:36.889;331
331;1:36.927;332
332;1:36.930;333
333;1:37.083;334
334;1:37.201;335
335;1:37.685;336
336;1:37.934;337
337;1:38.885;338
348;1:12.368;349
349;1:12.737;350
350;1:12.825;351
351;1:12.830;352
352;1:12.917;353
353;1:12.967;354
354;1:13.082;355
355;1:13.297;356
356;1:14.105;357
357;1:14.230;358
368;1:26.072;369
369;1:26.493;370
370;1:26.556;371
371;1:26.755;372
372;1:27.347;373
373;1:27.634;374
374;1:27.934;375
375;1:28.404;376
376;1:28.692;377
377;1:28.871;378
390;1:35.043;391
391;1:35.310;392
392;1:35.479;393
393;1:36.045;394
394;1:36.543;395
395;1:36.829;396
396;1:36.839;397
397;1:36.902;398
398;1:37.078;399
399;1:37.345;400
412;1:32.652;413
413;1:32.935;414
414;1:33.131;415
415;1:33.192;416
416;1:33.404;417
417;1:33.710;418
418;1:34.056;419
419;1:34.106;420
420;1:34.154;421
421;1:34.399;422
434;1:21.421;435
435;1:21.451;436
436;1:21.723;437
437;1:21.785;438
438;1:22.253;439
439;1:22.324;440
440;1:22.389;441
441;1:22.568;442
442;1:22.749;443
443;1:22.881;444
456;1:15.726;457
457;1:15.905;458
458;1:15.967;459
459;1:16.285;460
460;1:16.439;461
461;1:16.784;462
462;1:16.832;463
463;1:16.955;464
464;1:17.498;465
465;1:17.939;466
478;1:15.707;479
479;1:16.163;480
480;1:16.266;481
481;1:16.411;482
482;1:16.570;483
483;1:16.913;484
484;1:16.919;485
485;1:16.993;486
486;1:17.229;487
487;1:17.747;488
500;1:12.331;501
501;1:12.500;502
502;1:12.703;503
503;1:12.839;504
504;1:12.847;505
505;1:13.308;506
506;1:13.513;507
507;1:13.789;508
508;1:13.871;509
509;1:13.953;510
522;1:15.034;523
523;1:15.104;524
524;1:15.257;525
525;1:15.493;526
526;1:15.674;527
527;1:15.826;528
528;1:15.900;529
529;1:15.935;530
530;1:16.328;531
544;1:19.997;545
545;1:20.099;546
546;1:20.147;547
547;1:20.265;548
548;1:20.401;549
549;1:20.516;550
550;1:20.721;551
551;1:20.775;552
552;1:20.894;553
553;1:21.240;554
566;1:31.450;567
567;1:31.741;568
568;1:31.778;569
569;1:31.840;570
570;1:32.123;571
571;1:32.476;572
572;1:32.478;573
573;1:32.501;574
574;1:32.570;575
575;1:33.833;576
588;1:19.674;589
589;1:19.781;590
590;1:20.259;591
591;1:20.410;592
592;1:20.632;593
593;1:20.714;594
594;1:20.876;595
595;1:21.079;596
596;1:21.206;597
597;1:21.256;598
610;1:27.329;611
611;1:27.373;612
612;1:27.546;613
613;1:27.574;614
614;1:27.722;615
615;1:28.037;616
616;1:28.491;617
617;1:28.501;618
618;1:28.740;619
619;1:29.322;620
632;1:21.997;633
633;1:22.034;634
634;1:22.549;635
635;1:23.174;636
636;1:23.183;637
637;1:23.446;638
638;1:24.102;639
639;1:24.382;640
640;1:24.555;641
641;1:25.165;642
654;1:45.994;655
655;1:46.011;656
656;1:46.091;657
657;1:46.406;658
658;1:47.334;659
659;1:47.409;660
660;1:47.524;661
661;1:47.798;662
662;1:48.505;663
667;1:46.996;668
676;1:25.368;677
677;1:25.438;678
678;1:25.516;679
679;1:25.765;680
680;1:26.505;681
681;1:26.913;682
682;1:26.914;683
683;1:26.973;684
684;1:27.225;685
691;1:26.728;692
698;1:35.908;699
699;1:36.044;700
700;1:36.221;701
701;1:36.576;702
702;1:37.619;703
703;1:38.013;704
704;1:38.153;705
705;1:38.455;706
706;1:38.472;707
707;1:39.285;708
720;1:11.931;721
721;1:12.082;722
722;1:12.322;723
723;1:12.356;724
724;1:12.928;725
725;1:13.081;726
726;1:13.129;727
727;1:13.195;728
728;1:13.272;729
729;1:13.477;730
742;1:31.431;743
743;1:31.478;744
744;1:31.549;745
745;1:31.702;746
746;1:32.164;747
747;1:32.579;748
748;1:33.006;749
749;1:33.112;750
750;1:33.496;751
751;1:33.926;752
764;1:33.840;765
765;1:33.986;766
766;1:34.626;767
767;1:34.668;768
768;1:34.672;769
769;1:34.916;770
770;1:34.983;771
771;1:35.747;772
772;1:38.715;773
786;1:25.229;787
787;1:25.635;788
788;1:25.778;789
789;1:25.822;790
790;1:25.976;791
791;1:26.612;792
792;1:26.937;793
793;1:27.579;794
794;1:29.239;795
808;1:22.795;809
809;1:22.988;810
810;1:23.242;811
811;1:23.702;812
812;1:23.709;813
813;1:23.772;814
814;1:24.021;815
815;1:24.158;816
816;1:24.172;817
817;1:24.795;818
830;1:29.816;831
831;1:30.028;832
832;1:30.407;833
833;1:30.754;834
834;1:30.933;835
835;1:30.940;836
836;1:31.419;837
837;1:31.542;838
838;1:31.880;839
839;1:33.405;840
852;1:14.648;853
853;1:14.709;854
854;1:14.970;855
855;1:15.442;856
856;1:15.885;857
857;1:15.885;858
858;1:15.976;859
859;1:16.008;860
860;1:16.015;861
861;1:17.144;862
874;1:13.962;875
875;1:14.082;876
876;1:14.140;877
877;1:14.664;878
878;1:15.804;879
879;1:15.857;880
880;1:16.426;881
881;1:16.636;882
882;1:17.260;883
896;1:20.253;897
897;1:20.397;898
898;1:20.574;899
899;1:20.764;900
900;1:20.919;901
901;1:20.943;902
902;1:21.073;903
903;1:21.107;904
904;1:21.329;905
905;1:21.599;906
918;1:14.942;919
919;1:15.178;920
920;1:15.386;921
921;1:15.968;922
922;1:15.986;923
923;1:16.012;924
924;1:16.228;925
925;1:16.608;926
926;1:16.912;927
927;1:17.209;928
940;1:10.832;941
941;1:11.435;942
942;1:11.920;943
943;1:12.109;944
944;1:12.449;945
945;1:12.479;946
946;1:12.523;947
947;1:12.795;948
948;1:13.174;949
949;1:15.280;950
962;1:15.493;963
963;1:15.510;964
964;1:15.785;965
965;1:16.036;966
966;1:16.091;967
967;1:16.281;968
968;1:16.345;969
969;1:16.632;970
970;1:18.272;971
971;1:18.663;972
984;1:14.070;985
985;1:14.205;986
986;1:14.569;987
987;1:14.862;988
988;1:14.894;989
989;1:14.934;990
990;1:15.282;991
991;1:15.923;992
992;1:15.936;993
993;1:16.326;994
1006;1:19.599;1007
1007;1:19.886;1008
1008;1:20.085;1009
1009;1:20.092;1010
1010;1:20.117;1011
1011;1:20.266;1012
1012;1:20.759;1013
1013;1:20.924;1014
1014;1:21.132;1015
1015;1:22.049;1016
1028;1:26.907;1029
1029;1:27.284;1030
1030;1:27.321;1031
1031;1:27.564;1032
1032;1:27.569;1033
1033;1:27.785;1034
1034;1:27.790;1035
1035;1:27.866;1036
1036;1:28.167;1037
1037;1:29.436;1038
1050;1:21.484;1051
1051;1:21.486;1052
1052;1:21.653;1053
1053;1:21.704;1054
1054;1:22.011;1055
1055;1:22.258;1056
1056;1:22.280;1057
1057;1:22.787;1058
1058;1:23.175;1059
1059;1:25.688;1060
1072;1:44.360;1073
1073;1:44.992;1074
1074;1:45.503;1075
1075;1:45.503;1076
1076;1:45.754;1077
1077;1:45.775;1078
1078;1:45.877;1079
1079;1:46.053;1080
1080;1:46.632;1081
1081;1:48.021;1082
1094;1:29.599;1095
1095;1:29.711;1096
1096;1:29.989;1097
1097;1:30.039;1098
1098;1:30.371;1099
1099;1:30.599;1100
1100;1:30.992;1101
1101;1:31.478;1102
1102;1:31.513;1103
1103;1:31.856;1104
1116;1:10.680;1117
1117;1:11.299;1118
1118;1:11.328;1119
1119;1:11.567;1120
1120;1:11.619;1121
1121;1:11.629;1122
1122;1:11.695;1123
1123;1:11.882;1124
1124;1:12.131;1125
2984;1:26.202;2986
2985;1:26.505;2987
2986;1:26.830;2988
2987;1:26.914;2989
2988;1:26.973;2990
2989;1:26.975;2991
2990;1:27.033;2992
2991;1:27.127;2993
2992;1:27.163;2994
2993;1:27.246;2995
3004;1:35.181;3006
3005;1:35.273;3007
3006;1:35.518;3008
3007;1:35.651;3009
3008;1:35.690;3010
3009;1:35.750;3011
3010;1:35.797;3012
3011;1:36.106;3013
3012;1:36.170;3014
3013;1:37.659;3015
3024;1:36.184;3026
3025;1:36.381;3027
3026;1:36.466;3028
3027;1:36.493;3029
3028;1:36.532;3030
3029;1:36.835;3031
3030;1:37.397;3032
3031;1:38.089;3033
3032;1:38.595;3034
3033;1:39.321;3035
3044;1:33.431;3046
3045;1:33.712;3047
3046;1:34.015;3048
3047;1:34.044;3049
3048;1:34.196;3050
3049;1:34.239;3051
3050;1:34.578;3052
3051;1:34.818;3053
3052;1:35.134;3054
3053;1:35.380;3055
3064;1:20.527;3066
3065;1:20.660;3067
3066;1:20.762;3068
3067;1:20.934;3069
3068;1:21.049;3070
3069;1:21.247;3071
3070;1:21.254;3072
3071;1:21.392;3073
3072;1:22.558;3074
3073;1:22.685;3075
3084;1:14.902;3086
3085;1:14.927;3087
3086;1:15.077;3088
3087;1:15.271;3089
3088;1:15.437;3090
3089;1:15.455;3091
3090;1:15.516;3092
3091;1:15.653;3093
3092;1:16.009;3094
3093;1:17.344;3095
3104;1:28.316;3106
3105;1:28.421;3107
3106;1:28.579;3108
3107;1:28.613;3109
3108;1:28.666;3110
3109;1:28.815;3111
3110;1:28.858;3112
3111;1:29.075;3113
3112;1:29.191;3114
3113;1:29.357;3115
3124;1:19.509;3126
3125;1:19.856;3127
3126;1:19.868;3128
3127;1:20.091;3129
3128;1:20.216;3130
3129;1:20.289;3131
3130;1:20.361;3132
3131;1:20.490;3133
3132;1:20.715;3134
3133;1:20.741;3135
3144;1:32.230;3146
3145;1:32.357;3147
3146;1:32.473;3148
3147;1:32.480;3149
3148;1:32.616;3150
3149;1:33.859;3151
3150;1:34.316;3152
3151;1:34.574;3153
3152;1:34.710;3154
3153;1:34.803;3155
3164;1:21.569;3166
3165;1:21.607;3167
3166;1:21.741;3168
3167;1:21.839;3169
3168;1:21.890;3170
3169;1:22.095;3171
3170;1:22.468;3172
3171;1:22.511;3173
3172;1:22.835;3174
3184;1:39.489;3186
3185;1:39.532;3187
3186;1:39.563;3188
3187;1:39.789;3189
3188;1:39.821;3190
3189;1:40.144;3191
3190;1:40.185;3192
3191;1:40.236;3193
3192;1:40.239;3194
3193;1:40.512;3195
3204;1:46.308;3206
3205;1:46.395;3207
3206;1:46.500;3208
3207;1:46.513;3209
3208;1:46.586;3210
3209;1:46.633;3211
3210;1:46.677;3212
3211;1:46.761;3213
3212;1:46.788;3214
3213;1:47.362;3215
3224;1:24.066;3226
3225;1:24.261;3227
3226;1:24.523;3228
3227;1:24.845;3229
3228;1:25.015;3230
3229;1:25.030;3231
3230;1:25.043;3232
3231;1:25.072;3233
3232;1:25.180;3234
3233;1:25.314;3235
3244;1:47.891;3246
3245;1:48.204;3247
3246;1:48.348;3248
3247;1:48.722;3249
3248;1:48.828;3250
3249;1:49.054;3251
3250;1:49.180;3252
3251;1:49.307;3253
3252;1:49.514;3254
3253;1:49.778;3255
3264;1:32.160;3266
3265;1:32.220;3267
3266;1:32.395;3268
3267;1:32.466;3269
3268;1:32.660;3270
3269;1:32.945;3271
3270;1:32.962;3272
3271;1:32.980;3273
3284;1:19.576;3286
3285;1:19.668;3287
3286;1:19.912;3288
3287;1:20.097;3289
3288;1:20.168;3290
3289;1:20.250;3291
3290;1:20.326;3292
3291;1:20.631;3293
3292;1:20.674;3294
3293;1:21.422;3295
3304;1:40.948;3306
3305;1:41.615;3307
3306;1:41.726;3308
3307;1:41.786;3309
3308;1:41.892;3310
3309;1:41.897;3311
3310;1:41.992;3312
3311;1:42.343;3313
3312;1:42.583;3314
3313;1:42.713;3315
3324;1:54.101;3326
3325;1:54.242;3327
3326;1:54.608;3328
3327;1:55.217;3329
3328;1:55.241;3330
3329;1:55.284;3331
3330;1:55.524;3332
3331;1:55.672;3333
3332;1:55.885;3334
3333;1:56.309;3335
3348;1:23.919;3350
3349;1:24.035;3351
3350;1:24.111;3352
3351;1:24.675;3353
3352;1:24.837;3354
3353;1:24.884;3355
3354;1:24.927;3356
3355;1:25.217;3357
3356;1:25.372;3358
3357;1:26.036;3359
3372;1:49.327;3374
3373;1:50.673;3375
3374;1:50.789;3376
3375;1:50.914;3377
3376;1:51.001;3378
3377;1:51.051;3379
3378;1:51.511;3380
3379;1:51.717;3381
3380;1:51.767;3382
3381;1:52.254;3383
3396;1:34.558;3398
3397;1:34.808;3399
3398;1:34.913;3400
3399;1:34.923;3401
3400;1:34.979;3402
3401;1:35.034;3403
3402;1:35.180;3404
3403;1:35.364;3405
3404;1:35.646;3406
3405;1:35.963;3407
3420;1:19.995;3422
3421;1:20.101;3423
3422;1:20.829;3424
3423;1:20.937;3425
3424;1:20.991;3426
3425;1:21.294;3427
3426;1:21.353;3428
3427;1:21.408;3429
3428;1:21.585;3430
3429;1:21.984;3431
3444;1:13.826;3446
3445;1:14.120;3447
3446;1:14.227;3448
3447;1:14.283;3449
3448;1:14.432;3450
3449;1:14.544;3451
3450;1:14.590;3452
3451;1:14.637;3453
3452;1:14.901;3454
3453;1:15.170;3455
3468;1:26.295;3470
3469;1:26.433;3471
3470;1:26.760;3472
3471;1:26.781;3473
3472;1:26.857;3474
3473;1:26.952;3475
3474;1:27.039;3476
3475;1:27.082;3477
3476;1:27.430;3478
3477;1:28.122;3479
3492;1:15.105;3494
3493;1:15.373;3495
3494;1:15.420;3496
3495;1:15.435;3497
3496;1:15.520;3498
3497;1:15.648;3499
3498;1:15.688;3500
3499;1:15.715;3501
3500;1:15.881;3502
3501;1:16.071;3503
3516;1:37.587;3518
3517;1:37.662;3519
3518;1:37.969;3520
3519;1:38.075;3521
3520;1:38.127;3522
3521;1:38.137;3523
3522;1:38.210;3524
3523;1:38.428;3525
3524;1:38.428;3526
3525;1:38.523;3527
3540;1:29.615;3542
3541;1:29.758;3543
3542;1:30.426;3544
3543;1:30.556;3545
3544;1:30.625;3546
3545;1:31.040;3547
3546;1:31.172;3548
3547;1:31.175;3549
3548;1:31.274;3550
3549;1:31.430;3551
3564;1:13.791;3566
3565;1:13.793;3567
3566;1:14.290;3568
3567;1:14.347;3569
3568;1:14.427;3570
3569;1:14.566;3571
3570;1:15.079;3572
3571;1:15.109;3573
3572;1:15.179;3574
3573;1:15.339;3575
3588;1:18.773;3590
3589;1:19.184;3591
3590;1:19.987;3592
3591;1:20.331;3593
3592;1:20.499;3594
3593;1:21.082;3595
3594;1:21.229;3596
3595;1:21.328;3597
3596;1:21.411;3598
3597;1:21.710;3599
3612;1:45.778;3614
3613;1:45.863;3615
3614;1:46.100;3616
3615;1:46.127;3617
3616;1:46.206;3618
3617;1:46.314;3619
3618;1:46.602;3620
3619;1:46.659;3621
3620;1:47.053;3622
3621;1:47.441;3623
3636;1:21.962;3638
3637;1:22.084;3639
3638;1:22.293;3640
3639;1:22.433;3641
3640;1:22.623;3642
3641;1:22.675;3643
3642;1:23.027;3644
3643;1:23.037;3645
3644;1:23.039;3646
3645;1:23.328;3647
3660;1:45.390;3662
3661;1:45.457;3663
3662;1:45.571;3664
3663;1:45.944;3665
3664;1:45.977;3666
3665;1:46.236;3667
3666;1:46.443;3668
3667;1:46.593;3669
3668;1:46.702;3670
3669;1:47.884;3671
3684;1:30.785;3686
3685;1:30.853;3687
3686;1:31.169;3688
3687;1:31.231;3689
3688;1:31.352;3690
3689;1:31.378;3691
3690;1:31.494;3692
3691;1:31.535;3693
3692;1:31.559;3694
3693;1:31.846;3695
3708;1:35.585;3710
3709;1:35.659;3711
3710;1:35.766;3712
3711;1:36.062;3713
3712;1:36.535;3714
3713;1:36.571;3715
3714;1:36.731;3716
3715;1:36.824;3717
3716;1:36.950;3718
3717;1:36.998;3719
3732;1:14.470;3734
3733;1:15.519;3735
3734;1:15.637;3736
3735;1:15.747;3737
3736;1:15.989;3738
3737;1:16.203;3739
3738;1:16.552;3740
3739;1:16.925;3741
3740;1:17.101;3742
3741;1:17.656;3743
3756;1:39.394;3758
3757;1:39.425;3759
3758;1:39.792;3760
3759;1:39.823;3761
3760;1:39.925;3762
3761;1:40.202;3763
3762;1:40.203;3764
3763;1:40.516;3765
3764;1:40.589;3766
3765;1:40.901;3767
4535;1:23.529;4537
4536;1:24.307;4538
4537;1:24.395;4539
4538;1:24.779;4540
4539;1:24.974;4541
4540;1:25.247;4542
4541;1:25.421;4543
4542;1:25.599;4544
4543;1:25.626;4545
4544;1:27.066;4546
4557;1:34.870;4562
4560;1:34.974;4563
4561;1:35.179;4564
4562;1:35.200;4565
4563;1:35.802;4566
4564;1:36.124;4567
4565;1:36.251;4568
4566;1:36.324;4569
4567;1:36.809;4570
4568;1:36.820;4571
4583;1:33.706;4586
4584;1:34.421;4587
4585;1:34.463;4588
4586;1:34.670;4589
4587;1:35.119;4590
4588;1:35.145;4591
4589;1:36.158;4592
4590;1:36.190;4593
4591;1:36.203;4594
4607;1:25.049;4610
4608;1:25.454;4611
4609;1:25.574;4612
4610;1:25.595;4613
4611;1:25.851;4614
4612;1:25.982;4615
4613;1:26.296;4616
4614;1:26.646;4617
4615;1:26.659;4618
4630;1:20.981;4633
4631;1:21.181;4634
4632;1:21.961;4635
4633;1:21.964;4636
4634;1:21.996;4637
4635;1:22.471;4638
4636;1:22.599;4639
4637;1:22.888;4640
4638;1:22.952;4641
4653;1:13.556;4656
4654;1:13.997;4657
4655;1:14.019;4658
4656;1:14.483;4659
4657;1:14.682;4660
4658;1:14.877;4661
4659;1:15.280;4662
4660;1:15.766;4663
4661;1:16.528;4664
4677;1:13.014;4680
4678;1:13.199;4681
4679;1:13.217;4682
4680;1:13.429;4683
4681;1:13.565;4684
4682;1:13.814;4685
4683;1:13.838;4686
4684;1:13.864;4687
4685;1:14.062;4688
4686;1:14.085;4689
4701;1:36.975;4704
4702;1:37.163;4705
4703;1:37.380;4706
4704;1:37.454;4707
4705;1:37.535;4708
4706;1:37.645;4709
4707;1:38.231;4710
4708;1:38.240;4711
4725;1:30.399;4728
4726;1:30.431;4729
4727;1:30.516;4730
4728;1:31.124;4731
4729;1:31.898;4732
4730;1:31.929;4733
4731;1:31.933;4734
4732;1:32.128;4735
4733;1:32.209;4736
4734;1:32.376;4737
4749;1:30.079;4752
4750;1:30.134;4753
4751;1:30.216;4754
4752;1:30.442;4755
4753;1:30.910;4756
4754;1:31.263;4757
4755;1:31.288;4758
4756;1:32.010;4759
4757;1:32.187;4760
4758;1:32.482;4761
4773;1:19.815;4776
4774;1:19.978;4777
4775;1:20.024;4778
4776;1:20.350;4779
4777;1:20.365;4780
4778;1:20.474;4781
4779;1:21.098;4782
4780;1:21.445;4783
4781;1:21.907;4784
4797;1:48.298;4800
4798;1:48.730;4801
4799;1:49.376;4802
4800;1:50.256;4803
4801;1:50.552;4804
4802;1:50.773;4805
4803;1:51.121;4806
4804;1:51.251;4807
4805;1:51.374;4808
4806;1:52.303;4809
4820;1:44.381;4823
4821;1:44.732;4824
4822;1:44.804;4825
4823;1:44.809;4826
4824;1:44.874;4827
4825;1:45.800;4828
4826;1:46.013;4829
4844;1:30.466;4847
4845;1:30.475;4848
4846;1:30.617;4849
4847;1:30.804;4850
4848;1:30.886;4851
4849;1:31.156;4852
4868;1:35.820;4871
4869;1:36.042;4872
4870;1:36.126;4873
4871;1:36.468;4874
4872;1:36.831;4875
4873;1:36.980;4876
4874;1:37.754;4877
4875;1:38.124;4878
4892;1:24.178;4895
4893;1:24.474;4896
4894;1:24.508;4897
4895;1:24.519;4898
4896;1:24.950;4899
4897;1:25.122;4900
4898;1:25.451;4901
4916;1:38.481;4919
4917;1:38.622;4920
4918;1:38.631;4921
4919;1:38.858;4922
4920;1:39.058;4923
4921;1:39.695;4924
4922;1:39.773;4925
4923;1:40.662;4926
4924;1:40.768;4927
4939;1:11.918;4942
4940;1:12.099;4943
4941;1:12.283;4944
4942;1:12.480;4945
4943;1:12.591;4946
4944;1:13.050;4947
4945;1:13.068;4948
4946;1:13.298;4949
4947;1:13.761;4950
4963;1:24.922;4966
4964;1:25.074;4967
4965;1:25.302;4968
4966;1:25.336;4969
4967;1:25.651;4970
4968;1:25.668;4971
4969;1:25.686;4972
4970;1:25.908;4973
4971;1:26.451;4974
4987;1:36.219;4990
4988;1:36.368;4991
4989;1:36.391;4992
4990;1:36.461;4993
4991;1:36.461;4994
4992;1:36.634;4995
4993;1:36.658;4996
4994;1:36.664;4997
4995;1:37.566;4998
4996;1:37.698;4999
5011;1:35.121;5014
5012;1:35.626;5015
5013;1:35.691;5016
5014;1:35.784;5017
5015;1:35.898;5018
5016;1:36.191;5019
5017;1:36.290;5020
5018;1:36.524;5021
5019;1:36.622;5022
5035;1:32.422;5038
5036;1:32.520;5039
5037;1:32.637;5040
5038;1:32.711;5041
5039;1:32.821;5042
5040;1:32.912;5043
5041;1:33.008;5044
5042;1:33.394;5045
5059;1:21.707;5062
5060;1:22.285;5063
5061;1:22.302;5064
5062;1:22.424;5065
5063;1:22.487;5066
5064;1:22.533;5067
5065;1:23.005;5068
5083;1:14.301;5086
5084;1:14.381;5087
5085;1:14.448;5088
5086;1:14.583;5089
5087;1:14.639;5090
5088;1:14.948;5091
5089;1:15.049;5092
5090;1:15.199;5093
5091;1:15.245;5094
5106;1:13.784;5109
5107;1:14.087;5110
5108;1:14.151;5111
5109;1:14.346;5112
5110;1:14.411;5113
5111;1:14.465;5114
5112;1:14.645;5115
5113;1:14.705;5116
5114;1:14.812;5117
5115;1:15.182;5118
5130;1:38.086;5133
5131;1:38.410;5134
5132;1:38.475;5135
5133;1:38.505;5136
5134;1:38.513;5137
5135;1:38.623;5138
5136;1:38.741;5139
5137;1:38.752;5140
5138;1:38.801;5141
5139;1:38.992;5142
5153;1:51.746;5156
5154;1:51.793;5157
5155;1:52.020;5158
5156;1:52.199;5159
5157;1:53.065;5160
5158;1:53.290;5161
5159;1:53.539;5162
5160;1:53.543;5163
5161;1:54.382;5164
5177;1:40.621;5180
5178;1:41.026;5181
5179;1:41.496;5182
5180;1:42.459;5183
5181;1:43.501;5184
5182;1:43.950;5185
5183;1:44.113;5186
5184;1:44.186;5187
5185;1:44.889;5188
5186;1:45.811;5189
5201;1:20.953;5204
5202;1:21.366;5205
5203;1:21.416;5206
5204;1:21.583;5207
5205;1:21.730;5208
5206;1:21.844;5209
5207;1:21.900;5210
5208;1:21.939;5211
5209;1:22.343;5212
5210;1:22.847;5213
5225;1:47.573;5228
5226;1:47.871;5229
5227;1:47.893;5230
5228;1:48.205;5231
5229;1:48.219;5232
5230;1:48.313;5233
5231;1:48.392;5234
5232;1:48.394;5235
5233;1:48.538;5236
5234;1:48.890;5237
5249;1:24.010;5252
5250;1:24.133;5253
5251;1:24.247;5254
5252;1:24.304;5255
5253;1:24.540;5256
5254;1:24.802;5257
5255;1:24.833;5258
5256;1:24.855;5259
5257;1:25.109;5260
5258;1:25.678;5261
5272;1:46.362;5275
5273;1:46.804;5276
5274;1:46.905;5277
5275;1:46.939;5278
5276;1:47.216;5279
5277;1:47.241;5280
5278;1:47.475;5281
5279;1:47.788;5282
5296;1:30.839;5299
5297;1:31.090;5300
5298;1:31.290;5301
5299;1:31.700;5302
5300;1:31.898;5303
5301;1:32.022;5304
5302;1:32.114;5305
5303;1:32.208;5306
5304;1:32.327;5307
5320;1:37.242;5323
5321;1:37.316;5324
5322;1:37.469;5325
5323;1:37.534;5326
5324;1:37.625;5327
5325;1:37.884;5328
5326;1:37.934;5329
5327;1:38.266;5330
5328;1:38.361;5331
5329;1:38.513;5332
5343;1:25.283;5346
5344;1:25.327;5347
5345;1:25.544;5348
5346;1:25.659;5349
5347;1:25.773;5350
5348;1:25.857;5351
5349;1:26.236;5352
5350;1:26.360;5353
5351;1:26.713;5354
5367;1:40.630;5370
5368;1:40.978;5371
5369;1:41.073;5372
5370;1:41.226;5373
5371;1:41.260;5374
5372;1:41.290;5375
5373;1:41.582;5376
5374;1:41.603;5377
5375;1:41.723;5378
5376;1:41.778;5379
5391;1:35.657;5394
5392;1:35.766;5395
5393;1:36.174;5396
5394;1:36.587;5397
5395;1:36.708;5398
5396;1:36.794;5399
5397;1:36.937;5400
5398;1:37.141;5401
5399;1:37.300;5402
5400;1:37.842;5403
5415;1:12.458;5418
5416;1:12.513;5419
5417;1:12.581;5420
5418;1:12.760;5421
5419;1:12.987;5422
5420;1:13.174;5423
5421;1:13.206;5424
5422;1:13.253;5425
5423;1:13.298;5426
5424;1:13.489;5427
5439;1:27.407;5442
5440;1:27.827;5443
5441;1:28.087;5444
5442;1:28.490;5445
5443;1:28.493;5446
5444;1:28.523;5447
5445;1:28.738;5448
5446;1:29.013;5449
5447;1:29.305;5450
5448;1:30.357;5451
5461;1:49.674;5464
5462;1:50.587;5465
5463;1:50.727;5466
5464;1:51.699;5467
5465;1:52.244;5468
5466;1:52.519;5469
5467;1:52.970;5470
5468;1:53.175;5471
5469;1:53.439;5472
5470;1:54.136;5473
5483;1:34.484;5486
5484;1:34.761;5487
5485;1:34.788;5488
5486;1:34.861;5489
5487;1:34.933;5490
5488;1:35.364;5491
5489;1:35.998;5492
5490;2:05.673;5493
5505;1:32.330;5508
5506;1:32.584;5509
5507;1:32.667;5510
5508;1:32.762;5511
5509;1:33.078;5512
5510;1:33.207;5513
5511;1:33.235;5514
5512;1:33.246;5515
5513;1:33.327;5516
5527;1:20.718;5530
5528;1:20.972;5531
5529;1:21.054;5532
5530;1:21.177;5533
5531;1:21.218;5534
5532;1:21.219;5535
5533;1:21.308;5536
5534;1:21.570;5537
5535;1:22.069;5538
5536;1:22.233;5539
5549;1:13.876;5552
5550;1:13.967;5553
5551;1:13.980;5554
5552;1:14.181;5555
5553;1:14.822;5556
5554;1:14.824;5557
5555;1:15.138;5558
5556;1:15.383;5559
5557;1:15.647;5560
5558;1:15.703;5561
5571;1:25.425;5574
5572;1:25.512;5575
5573;1:25.897;5576
5574;1:26.008;5577
5575;1:26.208;5578
5576;1:26.504;5579
5577;1:26.543;5580
5578;1:27.348;5581
5579;1:27.432;5582
5580;1:27.946;5583
5593;1:29.607;5596
5594;1:30.059;5597
5595;1:30.211;5598
5596;1:30.220;5599
5597;1:30.736;5600
5598;1:30.757;5601
5599;1:30.908;5602
5600;1:30.955;5603
5601;1:30.962;5604
5602;1:30.979;5605
5615;1:29.398;5618
5616;1:29.501;5619
5617;1:29.608;5620
5618;1:29.892;5621
5619;1:29.959;5622
5620;1:30.528;5623
5621;1:31.126;5624
5622;1:31.209;5625
5637;1:19.388;5640
5638;1:19.426;5641
5639;1:19.595;5642
5640;1:19.720;5643
5641;1:19.791;5644
5642;1:19.851;5645
5643;1:19.929;5646
5644;1:20.641;5647
5645;1:22.398;5648
5659;2:01.012;5662
5660;2:01.200;5663
5661;2:01.325;5664
5662;2:02.251;5665
5663;2:02.332;5666
5664;2:03.075;5667
5665;2:03.081;5668
5666;2:03.390;5669
5667;2:03.482;5670
5668;2:04.059;5671
5681;1:23.755;5684
5682;1:23.968;5685
5683;1:24.065;5686
5684;1:24.132;5687
5685;1:24.142;5688
5686;1:24.192;5689
5687;1:24.209;5690
5688;1:24.502;5691
5689;1:24.515;5692
5690;1:28.050;5693
5703;1:42.841;5706
5704;1:42.932;5707
5705;1:43.058;5708
5706;1:43.152;5709
5707;1:43.254;5710
5708;1:43.890;5711
5709;1:43.938;5712
5710;1:44.282;5713
5711;1:44.439;5714
5725;1:37.202;5728
5726;1:37.420;5729
5727;1:37.464;5730
5728;1:37.531;5731
5729;1:37.679;5732
5730;1:38.038;5733
5731;1:38.223;5734
5732;1:38.237;5735
5733;1:38.405;5736
5734;1:38.822;5737
5747;1:30.915;5750
5748;1:31.089;5751
5749;1:31.253;5752
5750;1:31.365;5753
5751;1:31.378;5754
5752;1:31.397;5755
5753;1:31.644;5756
5754;1:31.665;5757
5755;1:31.684;5758
5756;1:31.827;5759
5769;1:24.119;5772
5770;1:24.871;5773
5771;1:24.941;5774
5772;1:25.047;5775
5773;1:25.201;5776
5774;1:25.248;5777
5775;1:25.334;5778
5776;1:25.826;5779
5777;1:26.153;5780
5778;1:26.487;5781
5791;1:39.957;5794
5792;1:40.075;5795
5793;1:40.419;5796
5794;1:40.501;5797
5795;1:40.542;5798
5796;1:40.576;5799
5797;1:40.997;5800
5798;1:41.015;5801
5799;1:41.068;5802
5800;1:41.111;5803
5813;1:36.338;5816
5814;1:36.441;5817
5815;1:37.155;5818
5816;1:37.296;5819
5817;1:37.345;5820
5818;1:37.376;5821
5819;1:37.452;5822
5820;1:37.715;5823
5821;1:37.836;5824
5822;1:38.034;5825
5835;1:26.479;5838
5836;1:27.102;5839
5837;1:27.539;5840
5838;1:27.572;5841
5839;1:27.677;5842
5840;1:27.737;5843
5841;1:28.052;5844
5842;1:28.081;5845
5843;1:28.109;5846
5844;1:29.582;5847
5857;1:44.231;5860
5858;1:44.548;5861
5859;1:44.595;5862
5860;1:45.745;5863
5861;1:45.819;5864
5862;1:45.864;5865
5863;1:46.030;5866
5864;1:47.368;5867
5865;1:48.079;5868
5866;1:48.147;5869
5879;1:59.431;5882
5880;1:59.486;5883
5881;2:00.050;5884
5882;2:00.175;5885
5883;2:00.541;5886
5884;2:01.218;5887
5885;2:01.712;5888
5886;2:02.213;5889
5887;2:03.078;5890
5888;2:04.053;5891
5901;1:33.185;5904
5902;1:33.464;5905
5903;1:34.051;5906
5904;1:34.247;5907
5905;1:34.346;5908
5906;1:34.368;5909
5907;1:34.387;5910
5908;1:34.511;5911
5909;1:34.712;5912
5910;1:34.992;5913
5923;1:22.275;5926
5924;1:22.725;5927
5925;1:22.777;5928
5926;1:22.841;5929
5927;1:22.972;5930
5928;1:23.188;5931
5929;1:23.530;5932
5930;1:23.777;5933
5931;1:24.477;5934
5947;1:53.860;5950
5948;1:54.455;5951
5949;1:54.960;5952
5950;1:55.143;5953
5951;1:55.637;5954
5952;1:56.147;5955
5953;1:56.282;5956
5954;1:56.366;5957
5955;1:56.773;5958
5956;1:57.079;5959
5969;1:25.232;5972
5970;1:25.400;5973
5971;1:26.285;5974
5972;1:26.632;5975
5973;1:26.960;5976
5974;1:27.104;5977
5975;1:27.140;5978
5976;1:27.335;5979
5977;1:27.402;5980
5991;1:15.989;5994
5992;1:16.048;5995
5993;1:16.384;5996
5994;1:16.547;5997
5995;1:16.686;5998
5996;1:17.389;5999
5997;1:17.540;6000
5998;1:17.555;6001
5999;1:18.090;6002
6000;1:18.327;6003
6013;1:14.874;6016
6014;1:14.953;6017
6015;1:15.548;6018
6016;1:15.550;6019
6017;1:15.578;6020
6018;1:15.589;6021
6019;1:15.814;6022
6020;1:16.162;6023
6021;1:16.182;6024
6022;1:16.214;6025
6035;1:08.759;6038
6036;1:08.846;6039
6037;1:08.944;6040
6038;1:09.285;6041
6039;1:09.466;6042
6040;1:09.515;6043
6041;1:09.619;6044
6042;1:10.795;6045
6057;1:35.766;6060
6058;1:37.386;6061
6059;1:38.200;6062
6060;1:38.329;6063
6061;1:38.417;6064
6062;1:39.232;6065
6063;1:40.457;6066
6064;1:40.606;6067
6065;1:40.707;6068
6066;1:40.855;6069
6079;1:16.540;6082
6080;1:16.759;6083
6081;1:17.078;6084
6082;1:17.214;6085
6083;1:17.273;6086
6084;1:17.577;6087
6085;1:17.649;6088
6086;1:17.965;6089
6087;1:18.014;6090
6088;1:18.035;6091
6101;1:22.715;6104
6102;1:23.201;6105
6103;1:23.354;6106
6104;1:23.391;6107
6105;1:23.909;6108
6106;1:24.223;6109
6107;1:24.294;6110
6108;1:24.720;6111
6109;1:24.775;6112
6123;2:05.591;6126
6124;2:05.819;6127
6125;2:07.717;6128
6126;2:07.786;6129
6127;2:07.911;6130
6128;2:08.049;6131
6129;2:08.679;6132
6130;2:08.780;6133
6131;2:09.178;6134
6132;2:09.776;6135
6145;1:24.109;6148
6146;1:24.383;6149
6147;1:24.697;6150
6148;1:24.865;6151
6149;1:25.314;6152
6150;1:25.379;6153
6151;1:25.430;6154
6152;1:25.436;6155
6153;1:25.709;6156
6154;1:25.944;6157
6167;1:45.681;6170
6168;1:45.688;6171
6169;1:45.854;6172
6170;1:45.902;6173
6171;1:45.907;6174
6172;1:46.000;6175
6173;1:46.170;6176
6174;1:46.187;6177
6175;1:46.250;6178
6176;1:47.362;6179
6189;1:32.506;6192
6190;1:32.703;6193
6191;1:33.128;6194
6192;1:33.527;6195
6193;1:33.740;6196
6194;1:34.075;6197
6195;1:34.242;6198
6196;1:34.317;6199
6197;1:34.432;6200
6198;1:34.548;6201
6211;1:38.513;6214
6212;1:38.713;6215
6213;1:38.920;6216
6214;1:39.121;6217
6215;1:39.277;6218
6216;1:39.629;6219
6217;1:39.635;6220
6218;1:39.709;6221
6219;1:39.771;6222
6220;1:40.020;6223
6232;1:36.067;6235
6233;1:36.443;6236
6234;1:36.906;6237
6235;1:37.205;6238
6236;1:37.244;6239
6237;1:37.610;6240
6238;1:37.655;6241
6239;1:37.706;6242
6240;1:37.804;6243
6241;1:38.810;6244
6250;1:10.023;6253
6251;1:10.056;6254
6252;1:10.247;6255
6253;1:10.305;6256
6254;1:10.930;6257
6255;1:10.938;6258
6256;1:10.969;6259
6257;1:10.977;6260
6258;1:11.075;6261
6259;1:11.099;6262
6275;1:42.866;6298
6276;1:42.236;6297
6277;1:41.964;6296
6278;1:41.908;6295
6279;1:41.119;6294
6280;1:41.025;6293
6281;1:40.866;6292
6282;1:40.480;6291
6286;1:26.327;6309
6287;1:26.921;6310
6288;1:27.718;6311
6289;1:27.757;6312
6290;1:27.790;6313
6291;1:28.087;6314
6292;1:28.329;6315
6293;1:28.510;6316
6294;1:28.560;6317
6295;1:29.480;6318
6304;1:49.834;6327
6305;1:49.908;6328
6306;1:50.299;6329
6307;1:51.541;6330
6308;1:51.951;6331
6309;1:51.981;6332
6310;1:52.473;6333
6311;1:52.981;6334
6312;1:53.179;6335
6313;1:53.261;6336
6323;1:35.782;6346
6324;1:35.828;6347
6325;1:36.687;6348
6326;1:36.954;6349
6327;1:37.143;6350
6328;1:37.232;6351
6329;1:37.540;6352
6330;1:37.905;6353
6331;1:38.067;6354
6332;1:38.158;6355
6343;1:32.571;6366
6344;1:32.982;6367
6345;1:33.129;6368
6346;1:33.227;6369
6347;1:33.381;6370
6348;1:33.744;6371
6349;1:33.832;6372
6350;1:34.450;6373
6351;1:34.462;6374
6352;1:34.484;6375
6362;1:24.681;6385
6363;1:24.948;6386
6364;1:25.458;6387
6365;1:25.694;6388
6366;1:26.136;6389
6367;1:26.249;6390
6368;1:26.414;6391
6369;1:26.629;6392
6370;1:26.757;6393
6371;1:26.770;6394
6382;1:15.098;6405
6383;1:15.440;6406
6384;1:15.849;6407
6385;1:16.041;6408
6386;1:16.182;6409
6387;1:16.427;6410
6388;1:16.808;6411
6389;1:16.931;6412
6390;1:16.946;6413
6391;1:16.957;6414
6402;1:14.393;6425
6403;1:14.702;6426
6404;1:15.014;6427
6405;1:15.102;6428
6406;1:15.194;6429
6407;1:15.329;6430
6408;1:15.614;6431
6409;1:16.079;6432
6410;1:16.114;6433
6411;1:16.338;6434
6421;1:08.455;6444
6422;1:08.655;6445
6423;1:08.810;6446
6424;1:09.192;6447
6425;1:09.278;6448
6426;1:09.319;6449
6427;1:09.612;6450
6428;1:09.694;6451
6429;1:09.713;6452
6441;1:32.248;6464
6442;1:32.361;6465
6443;1:33.085;6466
6444;1:33.149;6467
6445;1:33.379;6468
6446;1:33.547;6469
6447;1:33.636;6470
6448;1:33.649;6471
6449;1:33.673;6472
6450;1:33.943;6473
6461;1:22.020;6484
6462;1:22.595;6485
6463;1:22.739;6486
6464;1:22.774;6487
6465;1:23.020;6488
6466;1:23.222;6489
6467;1:23.332;6490
6468;1:23.537;6491
6469;1:23.679;6492
6470;1:24.181;6493
6481;1:47.197;6504
6482;1:47.655;6505
6483;1:48.537;6506
6484;1:48.561;6507
6485;1:48.599;6508
6486;1:48.639;6509
6487;1:48.685;6510
6488;1:48.754;6511
6489;1:48.825;6512
6490;1:49.771;6513
6501;1:23.397;6524
6502;1:23.631;6525
6503;1:23.685;6526
6504;1:23.703;6527
6505;1:23.940;6528
6506;1:24.127;6529
6507;1:24.626;6530
6508;1:25.054;6531
6509;1:25.317;6532
6510;1:26.214;6533
6521;1:43.885;6544
6522;1:44.428;6545
6523;1:44.667;6546
6524;1:44.745;6547
6525;1:45.300;6548
6526;1:45.415;6549
6527;1:45.676;6550
6528;1:45.798;6551
6529;1:46.077;6552
6530;1:46.413;6553
6541;1:32.584;6564
6542;1:32.660;6565
6543;1:33.024;6566
6544;1:33.245;6567
6545;1:33.337;6568
6546;1:33.347;6569
6547;1:33.497;6570
6548;1:33.967;6571
6561;1:37.113;6584
6562;1:37.433;6585
6563;1:37.912;6586
6564;1:37.965;6587
6565;1:38.348;6588
6566;1:38.659;6589
6567;1:38.691;6590
6568;1:38.787;6591
6569;1:38.924;6592
6570;1:39.728;6593
6600;1:19.480;6623
6601;1:19.668;6624
6602;1:19.850;6625
6603;1:20.398;6626
6604;1:20.399;6627
6605;1:20.448;6628
6606;1:20.567;6629
6607;1:20.710;6630
6608;1:20.716;6631
6609;1:20.788;6632
6620;1:11.282;6643
6621;1:11.360;6644
6622;1:11.804;6645
6623;1:12.085;6646
6624;1:12.144;6647
6625;1:12.265;6648
6626;1:12.322;6649
6627;1:12.415;6650
6628;1:12.417;6651
6629;1:12.739;6652
6640;1:40.237;6663
6641;1:40.614;6664
6642;1:41.051;6665
6643;1:41.184;6666
6644;1:41.444;6667
6645;1:41.656;6668
6646;1:41.686;6669
6647;1:41.759;6670
6648;1:41.933;6671
6649;1:42.708;6672
6660;1:23.837;6683
6661;1:24.197;6684
6662;1:24.675;6685
6663;1:25.033;6686
6664;1:25.434;6687
6665;1:25.458;6688
6666;1:25.582;6689
6667;1:25.589;6690
6682;1:29.493;6705
6683;1:29.570;6706
6684;1:30.012;6707
6685;1:30.244;6708
6686;1:30.854;6709
6687;1:31.153;6710
6688;1:31.155;6711
6689;1:31.620;6712
6704;1:35.402;6727
6705;1:35.917;6728
6706;1:35.972;6729
6707;1:36.246;6730
6708;1:36.296;6731
6709;1:36.399;6732
6710;1:36.865;6733
6711;1:36.881;6734
6712;1:37.194;6735
6726;1:35.417;6749
6727;1:36.123;6750
6728;1:36.536;6751
6729;1:36.663;6752
6730;1:37.016;6753
6731;1:37.125;6754
6732;1:37.212;6755
6733;1:37.459;6756
6734;1:37.583;6757
6748;1:22.000;6771
6749;1:22.280;6772
6750;1:22.680;6773
6751;1:23.087;6774
6752;1:23.113;6775
6753;1:23.334;6776
6754;1:23.522;6777
6755;1:23.643;6778
6756;1:23.782;6779
6757;1:23.981;6780
6770;1:13.622;6793
6771;1:13.791;6794
6772;1:13.942;6795
6773;1:14.552;6796
6774;1:14.726;6797
6775;1:14.732;6798
6776;1:14.749;6799
6777;1:14.902;6800
6778;1:15.273;6801
6779;1:15.363;6802
6792;1:12.812;6815
6793;1:12.874;6816
6794;1:12.990;6817
6795;1:13.166;6818
6796;1:13.414;6819
6797;1:13.579;6820
6798;1:13.670;6821
6799;1:13.769;6822
6800;1:13.952;6823
6801;1:14.338;6824
6813;1:42.758;6836
6814;1:43.515;6837
6815;1:43.966;6838
6816;1:43.966;6839
6817;1:44.269;6840
6818;1:44.483;6841
6819;1:44.717;6842
6820;1:45.246;6843
6821;1:45.570;6844
6822;2:01.954;6845
6835;1:07.922;6858
6836;1:08.465;6859
6837;1:09.285;6860
6838;1:09.781;6861
6839;1:09.900;6862
6840;1:09.901;6863
6841;1:09.980;6864
6842;1:10.440;6865
6843;1:11.153;6866
6844;1:11.977;6867
6857;1:29.287;6880
6858;1:29.606;6881
6859;1:30.313;6882
6860;1:30.618;6883
6861;1:30.881;6884
6862;1:31.490;6885
6863;1:31.557;6886
6864;1:31.989;6887
6865;1:32.172;6888
6866;1:32.343;6889
6878;1:19.965;6901
6879;1:20.108;6902
6880;1:20.280;6903
6881;1:20.557;6904
6882;1:20.874;6905
6883;1:21.131;6906
6884;1:21.211;6907
6885;1:21.597;6908
6886;1:21.823;6909
6887;1:22.182;6910
6900;1:14.363;6923
6901;1:14.470;6924
6902;1:14.726;6925
6903;1:14.834;6926
6904;1:15.142;6927
6905;1:15.315;6928
6906;1:15.510;6929
6907;1:15.530;6930
6908;1:15.537;6931
6909;1:15.615;6932
6922;1:46.744;6945
6923;1:46.893;6946
6924;1:46.910;6947
6925;1:47.108;6948
6926;1:47.216;6949
6927;1:47.407;6950
6928;1:47.543;6951
6929;1:47.612;6952
6930;1:48.114;6953
6931;1:48.263;6954
6943;1:21.135;6966
6944;1:21.613;6967
6945;1:21.972;6968
6946;1:22.065;6969
6947;1:22.388;6970
6948;1:22.389;6971
6949;1:22.411;6972
6950;1:22.814;6973
6951;1:22.836;6974
6952;1:23.184;6975
6964;1:42.584;6987
6965;1:43.115;6988
6966;1:43.288;6989
6967;1:43.328;6990
6968;1:43.540;6991
6969;1:44.197;6992
6970;1:44.469;6993
6971;1:44.479;6994
6972;1:44.553;6995
6973;1:44.582;6996
6986;1:32.850;7009
6987;1:33.264;7010
6988;1:33.420;7011
6989;1:33.467;7012
6990;1:33.584;7013
6991;1:33.632;7014
6992;1:34.319;7015
6993;1:34.489;7016
6994;1:34.518;7017
6995;1:34.671;7018
7008;1:30.647;7031
7009;1:30.660;7032
7010;1:30.949;7033
7011;1:31.028;7034
7012;1:31.178;7035
7013;1:31.240;7036
7014;1:31.961;7037
7015;1:31.961;7038
7016;1:32.142;7039
7017;1:32.547;7040
7030;1:34.999;7053
7031;1:35.215;7054
7032;1:35.509;7055
7033;1:35.747;7056
7034;1:36.131;7057
7035;1:36.358;7058
7036;1:36.628;7059
7037;1:37.116;7060
7038;1:37.269;7061
7039;1:37.326;7062
7052;1:18.704;7075
7053;1:18.958;7076
7054;1:19.054;7077
7055;1:19.133;7078
7056;1:19.330;7079
7057;1:19.376;7080
7058;1:19.381;7081
7059;1:19.551;7082
7060;1:20.032;7083
7061;1:20.378;7084
7073;1:10.736;7096
7074;1:10.838;7097
7075;1:11.404;7098
7076;1:11.485;7099
7077;1:11.495;7100
7078;1:11.540;7101
7079;1:11.937;7102
7080;1:12.104;7103
7081;1:12.165;7104
7082;1:12.266;7105
7095;1:38.755;7118
7096;1:39.058;7119
7097;1:39.589;7120
7098;1:39.604;7121
7099;1:39.661;7122
7100;1:39.818;7123
7101;1:40.501;7124
7102;1:40.519;7125
7103;1:41.106;7126
7104;1:41.213;7127
7117;1:22.188;7140
7118;1:22.456;7141
7119;1:22.481;7142
7120;1:23.033;7143
7121;1:23.485;7144
7122;1:24.074;7145
7123;1:24.443;7146
7124;1:24.487;7147
7125;1:24.512;7148
7137;1:31.678;7160
7138;1:31.864;7161
7139;1:31.865;7162
7140;1:32.140;7163
7141;1:33.033;7164
7142;1:33.507;7165
7143;1:33.580;7166
7144;1:33.706;7167
7145;1:33.719;7168
7146;1:34.220;7169
7157;1:28.769;7180
7158;1:28.792;7181
7159;1:29.247;7182
7160;1:29.545;7183
7161;1:29.567;7184
7162;1:29.687;7185
7163;1:29.842;7186
7164;1:30.074;7187
7165;1:30.763;7188
7166;1:31.074;7189
7177;1:33.194;7200
7178;1:33.253;7201
7179;1:33.289;7202
7180;1:33.767;7203
7181;1:34.905;7204
7182;1:35.110;7205
7183;1:35.161;7206
7184;1:35.285;7207
7185;1:35.337;7208
7186;1:35.430;7209
7197;1:19.149;7220
7198;1:19.200;7221
7199;1:19.373;7222
7200;1:19.439;7223
7201;1:19.706;7224
7202;1:20.175;7225
7203;1:21.048;7226
7204;1:21.070;7227
7205;1:21.232;7228
7206;1:21.272;7229
7217;1:12.178;7240
7218;1:12.221;7241
7219;1:12.223;7242
7220;1:12.496;7243
7221;1:12.998;7244
7222;1:13.162;7245
7223;1:13.329;7246
7224;1:13.349;7247
7225;1:13.613;7248
7237;1:11.459;7260
7238;1:11.789;7261
7239;1:12.177;7262
7240;1:12.252;7263
7241;1:12.403;7264
7242;1:12.557;7265
7243;1:12.858;7266
7244;1:13.018;7267
7245;1:13.135;7268
7246;1:13.271;7269
7257;1:40.593;7280
7258;1:41.027;7281
7259;1:41.693;7282
7260;1:41.841;7283
7261;1:41.879;7284
7262;1:42.111;7285
7263;1:42.186;7286
7264;1:42.753;7287
7265;1:42.798;7288
7266;1:43.414;7289
7277;1:04.251;7300
7278;1:04.293;7301
7279;1:04.424;7302
7280;1:04.779;7303
7281;1:04.896;7304
7282;1:04.983;7305
7283;1:05.480;7306
7284;1:05.605;7307
7285;1:05.674;7308
7286;1:05.726;7309
7297;1:26.600;7320
7298;1:27.147;7321
7299;1:27.356;7322
7300;1:27.376;7323
7301;1:28.130;7324
7302;1:28.856;7325
7303;1:28.902;7326
7304;1:29.074;7327
7305;1:29.418;7328
7306;1:29.549;7329
7317;1:16.276;7340
7318;1:16.444;7341
7319;1:16.530;7342
7320;1:16.707;7343
7321;1:16.797;7344
7322;1:16.818;7345
7323;1:17.468;7346
7324;1:17.549;7347
7325;1:17.894;7348
7326;1:18.912;7349
7337;1:42.553;7360
7338;1:42.795;7361
7339;1:43.094;7362
7340;1:43.270;7363
7341;1:43.380;7364
7342;1:43.863;7365
7343;1:44.982;7366
7344;1:45.244;7367
7345;1:45.369;7368
7357;1:35.554;7380
7358;1:36.702;7381
7359;1:36.841;7382
7360;1:37.032;7383
7361;1:37.719;7384
7362;1:37.833;7385
7363;1:37.987;7386
7364;1:38.064;7387
7365;1:38.251;7388
7366;1:39.157;7389
7377;1:39.491;7400
7378;1:39.814;7401
7379;1:39.840;7402
7380;1:40.069;7403
7381;1:40.126;7404
7382;1:40.810;7405
7383;1:41.013;7406
7384;1:41.179;7407
7385;1:41.398;7408
7386;1:42.056;7409
7397;1:30.076;7420
7398;1:30.121;7421
7399;1:30.541;7422
7400;1:30.595;7423
7402;1:31.478;7425
7403;1:31.582;7426
7404;1:31.607;7427
7405;1:31.658;7428
7406;1:31.704;7429
7416;1:30.758;7439
7417;1:27.319;7440
7418;1:27.651;7441
7419;1:27.791;7442
7420;1:28.306;7443
7421;1:28.332;7444
7422;1:28.498;7445
7423;1:29.111;7446
7424;1:29.260;7447
7425;1:29.480;7448
7426;1:30.687;7449
7437;1:33.108;7460
7438;1:33.347;7461
7439;1:33.568;7462
7440;1:33.577;7463
7441;1:33.577;7464
7442;1:33.658;7465
7443;1:34.647;7466
7444;1:34.852;7467
7445;1:35.007;7468
7446;1:35.148;7469
7457;1:16.488;7480
7458;1:16.574;7481
7459;1:16.934;7482
7460;1:16.958;7483
7461;1:17.238;7484
7462;1:17.437;7485
7463;1:17.447;7486
7464;1:17.466;7487
7465;1:17.794;7488
7466;1:17.807;7489
7476;1:08.322;7499
7477;1:08.360;7500
7478;1:08.538;7501
7479;1:08.925;7502
7480;1:09.330;7503
7481;1:09.598;7504
7482;1:09.617;7505
7483;1:09.703;7506
7484;1:09.805;7507
7485;1:09.841;7508
7495;1:36.231;7520
7497;1:36.403;7521
7498;1:36.777;7522
7499;1:36.959;7523
7500;1:36.985;7524
7501;1:37.328;7525
7502;1:38.282;7526
7503;1:38.374;7527
7504;1:38.397;7528
7505;1:38.550;7529
7516;1:21.164;7540
7517;1:21.828;7541
7518;1:21.838;7542
7519;1:21.879;7543
7520;1:22.152;7544
7521;1:23.187;7545
7522;1:23.339;7546
7523;1:23.532;7547
7524;1:23.577;7548
7536;1:27.958;7560
7537;1:28.101;7561
7538;1:28.124;7562
7539;1:28.220;7563
7540;1:28.398;7564
7541;1:29.329;7565
7542;1:29.358;7566
7543;1:29.570;7567
7544;1:29.874;7568
7545;1:29.986;7569
7556;1:31.095;7580
7557;1:31.182;7581
7558;1:31.625;7582
7559;1:31.675;7583
7560;1:31.796;7584
7561;1:31.948;7585
7562;1:32.532;7586
7563;1:32.758;7587
7564;1:32.819;7588
7565;1:32.855;7589
7576;1:41.498;7600
7577;1:41.677;7601
7578;1:41.837;7602
7579;1:41.911;7603
7580;1:41.994;7604
7581;1:42.490;7605
7582;1:42.523;7606
7583;1:42.547;7607
7584;1:43.066;7608
7585;1:43.351;7609
7596;1:16.173;7620
7597;1:16.213;7621
7598;1:16.305;7622
7599;1:16.612;7623
7600;1:16.816;7624
7601;1:16.818;7625
7602;1:17.676;7626
7603;1:17.721;7627
7604;1:17.790;7628
7605;1:17.835;7629
7616;1:10.810;7640
7617;1:11.039;7641
7618;1:11.232;7642
7619;1:11.266;7643
7620;1:12.110;7644
7621;1:12.130;7645
7622;1:12.154;7646
7623;1:12.221;7647
7633;1:11.441;7657
7634;1:12.061;7658
7636;1:10.764;7660
7637;1:10.857;7661
7638;1:10.937;7662
7639;1:10.996;7663
7640;1:11.095;7664
7641;1:11.116;7665
7642;1:11.973;7666
7643;1:12.084;7667
7644;1:12.168;7668
7645;1:12.671;7669
7656;1:30.029;7680
7657;1:30.147;7681
7658;1:30.400;7682
7659;1:30.705;7683
7660;1:30.895;7684
7661;1:31.057;7685
7662;1:32.126;7686
7663;1:32.635;7687
7664;1:32.930;7688
7676;1:03.130;7700
7677;1:03.149;7701
7678;1:03.464;7702
7679;1:03.660;7703
7680;1:03.840;7704
7681;1:03.892;7705
7682;1:03.996;7706
7683;1:04.051;7707
7684;1:04.725;7708
7685;1:05.019;7709
7696;1:25.892;7720
7697;1:25.936;7721
7698;1:25.990;7722
7699;1:26.217;7723
7700;1:26.602;7724
7701;1:27.099;7725
7702;1:27.244;7726
7703;1:27.455;7727
7704;1:27.879;7728
7705;1:28.194;7729
7716;1:11.212;7740
7717;1:11.416;7741
7718;1:11.547;7742
7719;1:11.822;7743
7720;1:12.200;7744
7721;1:12.544;7745
7722;1:12.560;7746
7723;1:12.692;7747
7724;1:12.717;7748
7725;1:12.774;7749
7736;1:36.186;7760
7737;1:36.210;7761
7738;1:36.743;7762
7739;1:37.591;7763
7740;1:38.032;7764
7741;1:38.128;7765
7742;1:39.858;7766
7743;1:40.593;7767
7754;1:35.658;7778
7755;1:35.918;7779
7756;1:58.179;7780
7757;1:58.905;7781
7758;2:01.851;7782
7759;2:01.894;7783
7760;2:02.122;7784
7761;2:02.671;7785
7762;2:02.769;7786
7763;2:02.939;7787
7764;2:04.933;7788
7776;1:19.119;7800
7777;1:19.280;7801
7778;1:19.294;7802
7779;1:19.656;7803
7780;1:20.615;7804
7781;1:20.936;7805
7782;1:21.041;7806
7783;1:21.099;7807
7784;1:21.350;7808
7785;1:21.627;7809
7796;1:36.015;7820
7797;1:36.334;7821
7798;1:36.628;7822
7799;1:36.702;7823
7800;1:36.794;7824
7801;1:36.996;7825
7802;1:37.985;7826
7803;1:38.320;7827
7804;1:38.365;7828
7805;1:38.588;7829
7816;1:31.387;7840
7817;1:31.532;7841
7818;1:31.943;7842
7819;1:32.237;7843
7820;1:33.181;7844
7821;1:33.413;7845
7822;1:33.419;7846
7823;1:33.563;7847
7824;1:33.704;7848
7825;1:35.196;7849
7836;1:27.760;7860
7837;1:28.059;7861
7838;1:29.057;7862
7839;1:29.521;7863
7840;1:29.761;7864
7841;1:30.023;7865
7842;1:30.093;7866
7843;1:30.126;7867
7844;1:32.192;7868
7845;1:37.229;7869
7856;1:32.237;7880
7857;1:32.298;7881
7858;1:32.307;7882
7859;1:32.616;7883
7860;1:33.494;7884
7861;1:34.145;7885
7862;1:34.215;7886
7863;1:34.250;7887
7864;1:34.420;7888
7865;1:34.594;7889
7876;1:14.759;7900
7877;1:14.785;7901
7878;1:14.894;7902
7879;1:14.970;7903
7880;1:15.160;7904
7881;1:15.330;7905
7882;1:15.827;7906
7883;1:16.084;7907
7884;1:16.189;7908
7885;1:16.513;7909
7896;1:07.281;7920
7897;1:07.374;7921
7898;1:07.441;7922
7899;1:07.456;7923
7900;1:07.778;7924
7901;1:07.780;7925
7902;1:08.296;7926
7903;1:08.492;7927
7904;1:08.517;7928
7905;1:09.029;7929
7916;1:34.794;7940
7917;1:34.956;7941
7918;1:35.125;7942
7919;1:35.365;7943
7920;1:35.401;7944
7921;1:35.589;7945
7922;1:36.192;7946
7923;1:36.237;7947
7924;1:36.540;7948
7925;1:36.542;7949
7936;1:20.486;7960
7937;1:20.598;7961
7938;1:21.190;7962
7939;1:21.320;7963
7940;1:21.442;7964
7941;1:21.826;7965
7942;1:22.099;7966
7943;1:22.304;7967
7944;1:22.314;7968
7945;1:22.781;7969
7956;1:27.866;7980
7957;1:28.160;7981
7958;1:28.190;7982
7959;1:28.256;7983
7960;1:28.752;7984
7961;1:28.757;7985
7962;1:28.813;7986
7963;1:29.015;7987
7964;1:29.022;7988
7965;1:29.043;7989
7976;1:31.547;8000
7977;1:31.570;8001
7978;1:31.848;8002
7979;1:31.865;8003
7980;1:32.089;8004
7981;1:32.930;8005
7982;1:32.958;8006
7983;1:32.962;8007
7994;1:40.495;8018
7995;1:40.554;8019
7996;1:40.797;8020
7997;1:41.069;8021
7998;1:41.593;8022
7999;1:41.681;8023
8000;1:41.886;8024
8001;1:42.424;8025
8014;1:15.406;8038
8015;1:16.040;8039
8016;1:16.272;8040
8017;1:16.357;8041
8018;1:16.588;8042
8019;1:16.708;8043
8020;1:16.911;8044
8021;1:16.922;8045
8022;1:17.573;8046
8023;1:18.106;8047
8034;1:10.166;8058
8035;1:10.252;8059
8036;1:10.641;8060
8037;1:10.947;8061
8038;1:11.041;8062
8039;1:11.109;8063
8040;1:11.218;8064
8041;1:11.271;8065
8042;1:11.417;8066
8043;1:11.653;8067
8054;1:10.240;8078
8055;1:10.446;8079
8056;1:10.920;8080
8057;1:11.071;8081
8058;1:11.079;8082
8059;1:11.101;8083
8060;1:11.324;8084
8061;1:11.863;8085
8062;1:13.981;8086
8074;1:28.319;8098
8075;1:28.605;8099
8076;1:28.965;8100
8077;1:29.409;8101
8078;1:29.418;8102
8079;1:29.522;8103
8080;1:29.799;8104
8081;1:29.918;8105
8082;1:30.184;8106
8083;1:33.420;8107
8094;1:03.003;8118
8095;1:03.262;8119
8096;1:03.439;8120
8097;1:03.537;8121
8098;1:04.072;8122
8099;1:04.099;8123
8100;1:04.166;8124
8101;1:04.179;8125
8102;1:04.199;8126
8114;1:25.093;8138
8115;1:25.099;8139
8116;1:25.172;8140
8117;1:25.276;8141
8118;1:25.590;8142
8119;1:25.787;8143
8120;1:26.182;8144
8121;1:26.224;8145
8122;1:26.345;8146
8123;1:26.386;8147
8134;1:11.767;8158
8135;1:12.113;8159
8136;1:12.129;8160
8137;1:12.522;8161
8138;1:12.538;8162
8139;1:12.851;8163
8140;1:12.897;8164
8141;1:13.065;8165
8142;1:13.126;8166
8154;1:14.572;8178
8155;1:14.590;8179
8156;1:14.769;8180
8157;1:15.043;8181
8158;1:15.071;8182
8159;1:15.450;8183
8160;1:15.800;8184
8161;1:15.852;8185
8162;1:16.013;8186
8163;1:16.041;8187
8174;1:42.519;8198
8175;1:43.267;8199
8176;1:43.282;8200
8177;1:43.415;8201
8178;1:43.690;8202
8179;1:44.257;8203
8180;1:44.542;8204
8181;1:44.557;8205
8182;1:44.706;8206
8183;1:45.086;8207
8194;1:19.307;8218
8195;1:19.346;8219
8196;1:19.354;8220
8197;1:19.457;8221
8198;1:19.839;8222
8199;1:20.049;8223
8200;1:20.455;8224
8214;1:36.217;8238
8215;1:36.408;8239
8216;1:36.437;8240
8217;1:36.813;8241
8218;1:37.146;8242
8219;1:37.411;8243
8220;1:37.818;8244
8221;1:38.264;8245
8222;1:38.329;8246
8234;1:31.628;8258
8235;1:32.030;8259
8236;1:32.053;8260
8237;1:32.310;8261
8238;1:32.632;8262
8239;1:33.222;8263
8240;1:33.289;8264
8241;1:33.301;8265
8242;1:33.517;8266
8243;1:33.661;8267
8254;1:27.064;8278
8255;1:27.253;8279
8256;1:27.293;8280
8257;1:27.302;8281
8258;1:27.851;8282
8259;1:27.851;8283
8260;1:28.304;8284
8261;1:28.464;8285
8262;1:28.836;8286
8263;1:29.341;8287
8274;1:14.758;8298
8275;1:15.024;8299
8276;1:15.170;8300
8277;1:15.262;8301
8278;1:15.336;8302
8279;1:15.338;8303
8280;1:16.014;8304
8281;1:16.322;8305
8282;1:16.469;8306
8283;1:16.586;8307
8294;1:32.029;8318
8295;1:32.041;8319
8296;1:32.096;8320
8297;1:32.137;8321
8298;1:32.321;8322
8299;1:32.548;8323
8300;1:32.847;8324
8301;1:33.175;8325
8302;1:33.488;8326
8303;1:33.601;8327
8314;1:07.508;8338
8315;1:07.631;8339
8316;1:07.699;8340
8317;1:07.728;8341
8318;1:07.874;8342
8319;1:07.935;8343
8320;1:08.837;8344
8321;1:08.854;8345
8322;1:08.984;8346
8323;1:09.037;8347
8334;1:34.779;8358
8335;1:34.973;8359
8336;1:35.139;8360
8337;1:35.219;8361
8338;1:35.339;8362
8339;1:35.682;8363
8340;1:36.436;8364
8341;1:36.456;8365
8342;1:36.459;8366
8343;1:36.710;8367
8354;1:02.939;8378
8355;1:02.951;8379
8356;1:03.477;8380
8357;1:03.626;8381
8358;1:03.868;8382
8359;1:03.868;8383
8360;1:03.923;8384
8361;1:03.971;8385
8362;1:04.029;8386
8363;1:04.239;8387
8374;1:19.273;8398
8375;1:20.489;8399
8376;1:20.671;8400
8377;1:20.701;8401
8378;1:20.922;8402
8379;1:20.925;8403
8380;1:21.011;8404
8381;1:21.028;8405
8382;1:21.192;8406
8383;1:21.651;8407
8394;1:13.554;8418
8395;1:14.377;8419
8396;1:14.545;8420
8397;1:14.774;8421
8398;1:14.817;8422
8399;1:14.849;8423
8400;1:14.966;8424
8401;1:15.027;8425
8413;1:13.447;8437
8414;1:24.303;8438
8415;1:24.616;8439
8416;1:25.325;8440
8417;1:25.427;8441
8418;1:25.782;8442
8419;1:25.839;8443
8420;1:25.965;8444
8421;1:26.009;8445
8422;1:26.209;8446
8423;1:26.339;8447
8434;1:25.154;8458
8435;1:25.217;8459
8436;1:26.082;8460
8437;1:26.176;8461
8438;1:26.297;8462
8439;1:26.428;8463
8440;1:26.534;8464
8441;1:26.614;8465
8442;1:26.669;8466
8443;1:26.778;8467
8454;1:15.584;8478
8455;1:15.643;8479
8456;1:16.292;8480
8457;1:16.482;8481
8458;1:16.589;8482
8459;1:17.029;8483
8460;1:17.044;8484
8461;1:17.084;8485
8462;1:17.087;8486
8463;1:17.136;8487
8474;1:41.252;8498
8475;1:41.763;8499
8476;1:41.778;8500
8477;1:42.061;8501
8478;1:42.264;8502
8479;1:42.396;8503
8480;1:42.438;8504
8481;1:42.532;8505
8482;1:42.603;8506
8483;1:42.657;8507
8494;1:18.887;8518
8495;1:18.956;8519
8496;1:19.695;8520
8497;1:19.720;8521
8498;1:19.795;8522
8499;1:19.820;8523
8500;1:19.864;8524
8501;1:20.049;8525
8502;1:20.090;8526
8503;1:20.177;8527
8514;1:15.144;8538
8515;1:15.203;8539
8516;1:15.509;8540
8517;1:15.954;8541
8518;1:16.270;8542
8519;1:16.311;8543
8520;1:16.356;8544
8521;1:16.543;8545
8522;1:17.870;8546
8534;1:31.304;8558
8535;1:31.867;8559
8536;1:31.956;8560
8537;1:32.317;8561
8538;1:32.364;8562
8539;1:32.550;8563
8540;1:32.624;8564
8541;1:32.847;8565
8542;1:33.000;8566
8543;1:33.008;8567
8554;1:25.269;8578
8555;1:25.525;8579
8556;1:25.562;8580
8557;1:26.035;8581
8558;1:26.047;8582
8559;1:26.223;8583
8560;1:26.242;8584
8561;1:26.458;8585
8562;1:26.704;8586
8563;1:26.709;8587
8577;1:17.803;8623
8578;1:17.525;8622
8579;1:17.520;8621
8580;1:17.437;8620
8581;1:17.223;8619
8582;1:17.090;8618
8583;1:16.904;8617
8584;1:16.754;8616
8585;1:16.652;8615
8594;1:13.609;8635
8595;1:13.706;8636
8596;1:14.176;8637
8597;1:14.502;8638
8598;1:14.520;8639
8599;1:14.572;8640
8600;1:14.616;8641
8601;1:14.696;8642
8602;1:14.814;8643
8603;1:14.911;8644
8614;1:47.765;8655
8615;1:48.055;8656
8616;1:49.321;8657
8617;1:50.448;8658
8618;1:51.595;8659
8619;1:52.560;8660
8620;1:52.622;8661
8621;1:52.745;8662
8622;1:53.258;8663
8623;1:57.226;8664
8634;1:27.264;8675
8635;1:27.553;8676
8636;1:27.678;8677
8637;1:28.274;8678
8638;1:28.322;8679
8639;1:28.417;8680
8640;1:28.419;8681
8641;1:28.448;8682
8642;1:28.542;8683
8643;1:28.618;8684
8654;0:53.377;8695
8655;0:53.403;8696
8656;0:53.433;8697
8657;0:53.613;8698
8658;0:53.790;8699
8659;0:53.906;8700
8660;0:53.957;8701
8661;0:54.010;8702
8662;0:54.154;8703
8663;0:54.200;8704
8674;1:35.246;8715
8675;1:35.271;8716
8676;1:35.332;8717
8677;1:35.497;8718
8678;1:35.571;8719
8679;1:35.815;8720
8680;1:35.963;8721
8681;1:36.046;8722
8682;1:36.065;8723
8683;1:36.242;8724
8694;1:28.997;8735
8695;1:29.385;8736
8696;1:29.586;8737
8697;1:29.678;8738
8698;1:29.809;8739
8699;1:29.927;8740
8700;1:29.974;8741
8701;1:30.215;8742
8702;1:30.249;8743
8703;1:30.601;8744
8714;1:14.411;8755
8715;1:14.446;8756
8716;1:14.498;8757
8717;1:14.740;8758
8718;1:14.790;8759
8719;1:14.826;8760
8720;1:14.875;8761
8721;1:14.898;8762
8722;1:15.210;8763
8734;1:18.348;8775
8735;1:18.355;8776
8736;1:18.746;8777
8737;1:18.890;8778
8738;1:19.039;8779
8739;1:19.042;8780
8740;1:19.116;8781
8741;1:19.306;8782
8742;1:19.475;8783
8743;1:19.659;8784
8754;1:16.741;8795
8755;1:16.777;8796
8756;1:16.873;8797
8757;1:17.510;8798
8758;1:17.580;8799
8759;1:17.620;8800
8760;1:17.622;8801
8761;1:17.701;8802
8762;1:18.010;8803
8763;1:18.147;8804
8774;1:10.346;8815
8775;1:10.576;8816
8776;1:10.601;8817
8777;1:10.611;8818
8778;1:10.620;8819
8779;1:10.900;8820
8780;1:11.095;8821
8781;1:11.419;8822
8782;1:11.573;8823
8783;1:11.779;8824
8793;1:41.218;8834
8794;1:41.450;8835
8795;1:41.563;8836
8796;1:41.565;8837
8797;1:41.576;8838
8798;1:41.747;8839
8799;1:41.917;8840
8800;1:42.211;8841
8801;1:42.327;8842
8802;1:42.659;8843
8813;1:29.990;8854
8814;1:30.248;8855
8815;1:30.376;8856
8816;1:30.445;8857
8817;1:30.840;8858
8818;1:30.868;8859
8819;1:30.987;8860
8820;1:31.252;8861
8821;1:31.340;8862
8822;1:31.382;8863
8833;1:03.841;8874
8834;1:04.035;8875
8835;1:04.067;8876
8836;1:04.120;8877
8837;1:04.168;8878
8838;1:04.236;8879
8839;1:04.472;8880
8840;1:04.514;8881
8841;1:04.574;8882
8842;1:04.708;8883
8853;1:03.720;8894
8854;1:03.768;8895
8855;1:03.990;8896
8856;1:04.014;8897
8857;1:04.049;8898
8858;1:04.107;8899
8859;1:04.273;8900
8860;1:04.570;8901
8861;1:04.591;8902
8862;1:04.618;8903
8873;1:26.134;8914
8874;1:26.209;8915
8875;1:26.328;8916
8876;1:26.828;8917
8877;1:26.844;8918
8878;1:26.897;8919
8879;1:26.899;8920
8880;1:26.971;8921
8881;1:27.007;8922
8882;1:27.179;8923
8893;1:15.419;8934
8894;1:15.734;8935
8895;1:15.840;8936
8896;1:16.421;8937
8897;1:16.483;8938
8898;1:16.489;8939
8899;1:16.496;8940
8900;1:16.653;8941
8901;1:16.715;8942
8902;1:16.750;8943
8913;1:59.765;8954
8914;2:00.086;8955
8915;2:00.099;8956
8916;2:00.864;8957
8917;2:00.935;8958
8918;2:01.164;8959
8919;2:02.112;8960
8920;2:02.502;8961
8921;2:03.513;8962
8933;1:08.885;8974
8934;1:08.923;8975
8935;1:09.222;8976
8936;1:09.478;8977
8937;1:09.527;8978
8938;1:09.537;8979
8939;1:09.590;8980
8940;1:09.933;8981
8941;1:09.956;8982
8942;1:10.166;8983
8953;1:19.555;8994
8954;1:19.651;8995
8955;1:19.966;8996
8956;1:19.989;8997
8957;1:19.995;8998
8958;1:20.260;8999
8959;1:20.462;9000
8960;1:20.510;9001
8961;1:20.611;9002
8962;1:20.808;9003
8973;1:41.993;9014
8974;1:42.510;9015
8975;1:42.983;9016
8976;1:44.050;9017
8977;1:44.156;9018
8978;1:44.204;9019
8979;1:44.710;9020
8980;1:44.956;9021
8981;1:45.337;9022
8982;1:45.865;9023
8995;1:22.868;9036
8996;1:22.998;9037
8997;1:23.196;9038
8998;1:23.265;9039
8999;1:23.326;9040
9000;1:23.477;9041
9001;1:23.706;9042
9002;1:23.954;9043
9003;1:24.305;9044
9004;1:24.368;9045
9015;1:32.910;9056
9016;1:33.119;9057
9017;1:33.134;9058
9018;1:33.475;9059
9019;1:33.606;9060
9020;1:33.792;9061
9021;1:33.808;9062
9022;1:33.887;9063
9023;1:34.118;9064
9024;1:34.918;9065
9035;1:15.875;9076
9036;1:16.020;9077
9037;1:16.225;9078
9038;1:16.342;9079
9039;1:16.456;9080
9040;1:16.761;9081
9041;1:16.763;9082
9042;1:16.837;9083
9043;1:17.158;9084
9044;1:36.830;9085
9055;1:07.934;9096
9056;1:08.372;9097
9057;1:08.469;9098
9058;1:08.483;9099
9059;1:08.777;9100
9060;1:08.826;9101
9061;1:08.960;9102
9062;1:08.980;9103
9063;1:09.039;9104
9064;1:09.113;9105
9075;1:20.827;9116
9076;1:21.282;9117
9077;1:21.478;9118
9078;1:21.640;9119
9079;1:21.670;9120
9080;1:21.731;9121
9081;1:21.840;9122
9082;1:21.881;9123
9083;1:22.028;9124
9084;1:22.785;9125
9095;1:27.511;9136
9096;1:27.622;9137
9097;1:27.653;9138
9098;1:28.054;9139
9099;1:28.123;9140
9100;1:28.125;9141
9101;1:28.180;9142
9102;1:28.442;9143
9103;1:28.647;9144
9104;1:28.754;9145
9115;1:22.109;9156
9116;1:22.480;9157
9117;1:22.931;9158
9118;1:22.947;9159
9119;1:22.992;9160
9120;1:23.036;9161
9121;1:23.122;9162
9122;1:23.220;9163
9123;1:23.389;9164
9124;1:23.409;9165
9135;1:30.558;9176
9136;1:30.681;9177
9137;1:30.687;9178
9138;1:30.921;9179
9139;1:31.238;9180
9140;1:31.560;9181
9141;1:31.808;9182
9142;1:32.195;9183
9143;1:32.216;9184
9144;1:32.338;9185
9158;1:29.588;9222
9159;1:29.254;9221
9160;1:29.183;9220
9161;1:29.147;9219
9162;1:29.104;9218
9163;1:29.068;9217
9164;1:28.461;9216
9165;1:28.402;9215
9166;1:28.225;9214
9167;1:28.200;9213
9175;1:17.868;9233
9176;1:18.154;9234
9177;1:18.240;9235
9178;1:18.703;9236
9179;1:18.825;9237
9180;1:18.933;9238
9181;1:19.032;9239
9182;1:19.061;9240
9183;1:19.408;9241
9195;1:27.999;9253
9196;1:28.778;9254
9197;1:29.131;9255
9198;1:29.164;9256
9199;1:29.202;9257
9200;1:29.742;9258
9201;1:29.808;9259
9202;1:30.439;9260
9203;1:31.062;9261
9215;1:28.796;9273
9216;1:28.986;9274
9217;1:28.991;9275
9218;1:29.036;9276
9219;1:29.475;9277
9220;1:29.625;9278
9221;1:29.690;9279
9222;1:29.750;9280
9223;1:29.932;9281
9224;1:30.676;9282
9235;1:18.750;9293
9236;1:19.073;9294
9237;1:19.166;9295
9238;1:19.393;9296
9239;1:19.420;9297
9240;1:19.512;9298
9241;1:19.608;9299
9242;1:19.682;9300
9243;1:20.297;9301
9244;1:20.368;9302
9255;1:11.376;9313
9256;1:11.601;9314
9257;1:11.629;9315
9258;1:11.666;9316
9259;1:11.849;9317
9260;1:12.112;9318
9261;1:12.247;9319
9262;1:12.560;9320
9263;1:12.732;9321
9264;1:13.047;9322
9275;1:41.359;9333
9276;1:41.641;9334
9277;1:41.706;9335
9278;1:41.814;9336
9279;1:42.712;9337
9280;1:42.845;9338
9281;1:42.924;9339
9282;1:43.056;9340
9283;1:43.091;9341
9284;1:43.173;9342
9295;1:21.299;9353
9296;1:21.944;9354
9297;1:22.096;9355
9298;1:22.891;9356
9299;1:22.960;9357
9300;1:23.356;9358
9301;1:23.529;9359
9302;1:23.557;9360
9303;1:23.749;9361
9304;1:24.030;9362
9315;1:40.983;9373
9316;1:41.055;9374
9317;1:41.298;9375
9318;1:41.616;9376
9319;1:41.995;9377
9320;1:42.084;9378
9321;1:42.116;9379
9322;1:42.161;9380
9323;1:42.719;9381
9324;2:03.095;9382
9335;1:04.984;9393
9336;1:05.013;9394
9337;1:05.066;9395
9338;1:05.431;9396
9339;1:05.726;9397
9340;1:05.879;9398
9341;1:06.011;9399
9342;1:06.103;9400
9343;1:13.151;9401
9355;1:30.872;9413
9356;1:31.176;9414
9357;1:31.335;9415
9358;1:31.765;9416
9359;1:32.032;9417
9360;1:32.131;9418
9361;1:32.552;9419
9362;1:32.780;9420
9375;1:17.377;9433
9376;1:17.421;9434
9377;1:17.567;9435
9378;1:17.769;9436
9379;1:18.018;9437
9380;1:18.078;9438
9381;1:18.142;9439
9382;1:18.157;9440
9383;1:18.379;9441
9384;1:18.823;9442
9395;1:43.665;9453
9396;1:44.297;9454
9397;1:44.462;9455
9398;1:44.553;9456
9399;1:45.180;9457
9400;1:45.368;9458
9401;1:45.503;9459
9402;1:45.776;9460
9403;1:45.837;9461
9404;1:46.178;9462
9415;1:10.342;9473
9416;1:10.363;9474
9417;1:10.434;9475
9418;1:10.648;9476
9419;1:11.077;9477
9420;1:11.147;9478
9421;1:11.174;9479
9422;1:11.442;9480
9423;1:12.556;9481
9435;1:20.161;9493
9436;1:20.306;9494
9437;1:20.429;9495
9438;1:21.206;9496
9439;1:21.524;9497
9440;1:21.542;9498
9441;1:21.584;9499
9442;1:21.925;9500
9443;1:22.648;9501
9455;1:49.412;9513
9456;1:49.434;9514
9457;1:49.466;9515
9458;1:49.583;9516
9459;1:49.966;9517
9460;1:50.584;9518
9461;1:51.211;9519
9462;1:51.395;9520
9463;1:51.573;9521
9464;1:51.983;9522
9475;1:29.304;9533
9476;1:29.314;9534
9477;1:29.361;9535
9478;1:29.709;9536
9479;1:30.165;9537
9480;1:30.261;9538
9481;1:30.322;9539
9482;1:30.389;9540
9483;1:30.554;9541
9484;1:31.003;9542
9495;1:34.356;9553
9496;1:34.421;9554
9497;1:34.448;9555
9498;1:34.645;9556
9499;1:34.947;9557
9500;1:34.988;9558
9501;1:35.598;9559
9502;1:35.690;9560
9503;1:35.876;9561
9504;1:36.319;9562
9515;1:17.775;9573
9516;1:18.079;9574
9517;1:18.084;9575
9518;1:18.128;9576
9519;1:18.351;9577
9520;1:18.401;9578
9521;1:18.555;9579
9522;1:18.721;9580
9523;1:18.939;9581
9524;1:19.010;9582
9535;1:11.674;9593
9536;1:11.877;9594
9537;1:12.059;9595
9538;1:12.263;9596
9539;1:12.357;9597
9540;1:12.425;9598
9541;1:12.504;9599
9542;1:12.611;9600
9543;1:15.601;9601
9555;1:23.824;9613
9556;1:24.052;9614
9557;1:24.092;9615
9558;1:24.242;9616
9559;1:24.508;9617
9560;1:24.511;9618
9561;1:24.769;9619
9562;1:24.830;9620
9563;1:24.961;9621
9564;1:25.045;9622
9575;1:29.708;9633
9576;1:29.846;9634
9577;1:30.000;9635
9578;1:30.154;9636
9579;1:30.336;9637
9580;1:30.340;9638
9581;1:30.384;9639
9582;1:30.836;9640
9583;1:30.984;9641
9595;1:28.265;9653
9596;1:28.420;9654
9597;1:28.730;9655
9598;1:28.857;9656
9599;1:28.931;9657
9600;1:28.945;9658
9601;1:29.078;9659
9602;1:29.223;9660
9603;1:29.243;9661
9604;1:29.357;9662
9615;1:16.732;9673
9616;1:16.968;9674
9617;1:17.104;9675
9618;1:17.139;9676
9619;1:17.270;9677
9620;1:17.308;9678
9621;1:17.369;9679
9622;1:17.609;9680
9623;1:17.675;9681
9624;1:17.735;9682
9635;1:40.203;9693
9636;1:40.391;9694
9637;1:40.495;9695
9638;1:41.016;9696
9639;1:41.177;9697
9640;1:41.253;9698
9641;1:41.281;9699
9642;1:41.581;9700
9643;1:41.611;9701
9644;1:41.611;9702
9655;1:26.841;9713
9656;1:27.202;9714
9657;1:27.349;9715
9658;1:27.767;9716
9659;1:27.786;9717
9660;1:27.804;9718
9661;1:27.861;9719
9662;1:27.935;9720
9675;1:11.365;9733
9676;1:11.449;9734
9677;1:11.471;9735
9678;1:11.553;9736
9679;1:11.630;9737
9680;1:11.725;9738
9681;1:11.933;9739
9682;1:11.964;9740
9683;1:12.082;9741
9684;1:12.254;9742
9695;1:12.272;9753
9696;1:12.734;9754
9697;1:12.792;9755
9698;1:12.816;9756
9699;1:12.818;9757
9700;1:12.994;9758
9701;1:13.083;9759
9702;1:13.229;9760
9703;1:13.507;9761
9704;1:13.682;9762
9715;1:25.858;9773
9716;1:27.102;9774
9717;1:27.286;9775
9718;1:27.627;9776
9719;1:27.893;9777
9720;1:27.945;9778
9721;1:28.046;9779
9722;1:29.294;9780
9723;1:31.349;9781
9735;1:04.391;9793
9736;1:04.439;9794
9737;1:04.581;9795
9738;1:04.658;9796
9739;1:04.819;9797
9740;1:04.893;9798
9741;1:04.911;9799
9742;1:05.090;9800
9743;1:05.170;9801
9744;1:05.823;9802
9755;1:26.720;9813
9756;1:26.961;9814
9757;1:27.092;9815
9758;1:27.136;9816
9759;1:27.148;9817
9760;1:27.155;9818
9761;1:27.211;9819
9762;1:27.530;9820
9763;1:27.659;9821
9764;1:27.689;9822
9775;1:16.609;9833
9776;1:16.612;9834
9777;1:16.694;9835
9778;1:16.905;9836
9779;1:16.971;9837
9780;1:16.992;9838
9781;1:17.034;9839
9782;1:17.035;9840
9783;1:17.045;9841
9784;1:17.186;9842
9795;1:46.168;9853
9796;1:46.988;9854
9797;1:47.045;9855
9798;1:47.087;9856
9799;1:47.152;9857
9800;1:47.365;9858
9801;1:47.669;9859
9802;1:47.805;9860
9803;1:47.843;9861
9804;1:48.841;9862
